Name,Season,Team,wRC+
Bryce Harper,2015,WSN,197.0
Mike Trout,2015,LAA,171.0
Josh Donaldson,2015,TOR,154.0
Joey Votto,2015,CIN,174.0
Paul Goldschmidt,2015,ARI,163.0
A.J. Pollock,2015,ARI,131.0
Buster Posey,2015,SFG,135.0
Manny Machado,2015,BAL,135.0
Kris Bryant,2015,CHC,136.0
Lorenzo Cain,2015,KCR,128.0
Andrew McCutchen,2015,PIT,144.0
Francisco Cervelli,2015,PIT,117.0
Yoenis Cespedes,2015,- - -,135.0
Jason Heyward,2015,STL,121.0
Chris Davis,2015,BAL,149.0
Matt Carpenter,2015,STL,140.0
Curtis Granderson,2015,NYM,131.0
Jose Bautista,2015,TOR,148.0
Anthony Rizzo,2015,CHC,145.0
J.D. Martinez,2015,DET,136.0
Yasmani Grandal,2015,LAD,116.0
Nelson Cruz,2015,SEA,158.0
Mookie Betts,2015,BOS,120.0
Dee Strange-Gordon,2015,MIA,116.0
Miguel Cabrera,2015,DET,165.0
Xander Bogaerts,2015,BOS,111.0
Edwin Encarnacion,2015,TOR,150.0
Nolan Arenado,2015,COL,121.0
Jason Kipnis,2015,CLE,124.0
Russell Martin,2015,TOR,115.0
Jose Altuve,2015,HOU,124.0
Matt Duffy,2015,SFG,113.0
Todd Frazier,2015,CIN,116.0
Adrian Beltre,2015,TEX,109.0
Brandon Crawford,2015,SFG,113.0
Kevin Kiermaier,2015,TBR,97.0
Logan Forsythe,2015,TBR,125.0
Francisco Lindor,2015,CLE,126.0
David Peralta,2015,ARI,137.0
Justin Turner,2015,LAD,141.0
Brandon Belt,2015,SFG,132.0
George Springer,2015,HOU,133.0
Adam Eaton,2015,CHW,121.0
Ian Kinsler,2015,DET,110.0
Joe Panik,2015,SFG,135.0
Mike Moustakas,2015,KCR,123.0
Kyle Seager,2015,SEA,115.0
Evan Longoria,2015,TBR,109.0
Odubel Herrera,2015,PHI,111.0
Derek Norris,2015,SDP,98.0
Jung Ho Kang,2015,PIT,128.0
Kevin Pillar,2015,TOR,94.0
Giancarlo Stanton,2015,MIA,155.0
Michael Brantley,2015,CLE,133.0
Eric Hosmer,2015,KCR,124.0
Carlos Correa,2015,HOU,136.0
Shin-Soo Choo,2015,TEX,128.0
Travis d'Arnaud,2015,NYM,130.0
Justin Upton,2015,SDP,119.0
Adam Jones,2015,BAL,111.0
Martin Prado,2015,MIA,102.0
Jose Abreu,2015,CHW,131.0
Freddie Freeman,2015,ATL,132.0
Starling Marte,2015,PIT,115.0
Ryan Braun,2015,MIL,131.0
Lucas Duda,2015,NYM,132.0
Kole Calhoun,2015,LAA,103.0
Chris Coghlan,2015,CHC,113.0
Joc Pederson,2015,LAD,116.0
Miguel Montero,2015,CHC,107.0
Brian Dozier,2015,MIN,102.0
Didi Gregorius,2015,NYY,89.0
Andrelton Simmons,2015,ATL,81.0
Randal Grichuk,2015,STL,138.0
Adrian Gonzalez,2015,LAD,129.0
Ben Zobrist,2015,- - -,122.0
Dexter Fowler,2015,CHC,109.0
David Ortiz,2015,BOS,139.0
Mark Teixeira,2015,NYY,143.0
Colby Rasmus,2015,HOU,118.0
Danny Valencia,2015,- - -,135.0
Carlos Gonzalez,2015,COL,116.0
Andre Ethier,2015,LAD,137.0
Josh Reddick,2015,OAK,116.0
Robinson Cano,2015,SEA,116.0
Brian McCann,2015,NYY,106.0
Alex Rodriguez,2015,NYY,129.0
Alex Gordon,2015,KCR,122.0
Neil Walker,2015,PIT,106.0
Asdrubal Cabrera,2015,TBR,104.0
Trevor Plouffe,2015,MIN,100.0
Addison Russell,2015,CHC,90.0
Adeiny Hechavarria,2015,MIA,89.0
Charlie Blackmon,2015,COL,103.0
Rougned Odor,2015,TEX,107.0
Brett Gardner,2015,NYY,106.0
Brandon Phillips,2015,CIN,97.0
Kolten Wong,2015,STL,96.0
Jason Castro,2015,HOU,80.0
Christian Yelich,2015,MIA,120.0
Troy Tulowitzki,2015,- - -,101.0
Eddie Rosario,2015,MIN,97.0
Ender Inciarte,2015,ARI,100.0
Howie Kendrick,2015,LAD,109.0
Yadier Molina,2015,STL,81.0
Tyler Flowers,2015,CHW,81.0
Dustin Pedroia,2015,BOS,117.0
Yunel Escobar,2015,WSN,120.0
Ben Revere,2015,- - -,98.0
Mitch Moreland,2015,TEX,117.0
Daniel Murphy,2015,NYM,109.0
David Freese,2015,LAA,108.0
Carlos Gomez,2015,- - -,98.0
Gregory Polanco,2015,PIT,92.0
Kendrys Morales,2015,KCR,131.0
Carlos Santana,2015,CLE,107.0
Jhonny Peralta,2015,STL,105.0
Caleb Joseph,2015,BAL,88.0
Miguel Sano,2015,MIN,149.0
Prince Fielder,2015,TEX,125.0
Adam Lind,2015,MIL,120.0
Gregor Blanco,2015,SFG,117.0
Gerardo Parra,2015,- - -,109.0
Juan Uribe,2015,- - -,104.0
Cory Spangenberg,2015,SDP,105.0
Brock Holt,2015,BOS,99.0
Aaron Hicks,2015,MIN,96.0
Maikel Franco,2015,PHI,129.0
Jackie Bradley Jr.,2015,BOS,123.0
Brandon Guyer,2015,TBR,120.0
Eduardo Escobar,2015,MIN,101.0
DJ LeMahieu,2015,COL,91.0
Billy Burns,2015,OAK,102.0
Kyle Schwarber,2015,CHC,131.0
Carlos Beltran,2015,NYY,119.0
Stephen Vogt,2015,OAK,114.0
Seth Smith,2015,SEA,113.0
Yangervis Solarte,2015,SDP,109.0
Danny Espinosa,2015,WSN,93.0
Austin Jackson,2015,- - -,94.0
Elvis Andrus,2015,TEX,78.0
Jake Marisnick,2015,HOU,83.0
Wilmer Flores,2015,NYM,95.0
Andres Blanco,2015,PHI,137.0
Denard Span,2015,WSN,120.0
Albert Pujols,2015,LAA,114.0
Delino DeShields,2015,TEX,95.0
Jonathan Lucroy,2015,MIL,95.0
Chase Headley,2015,NYY,92.0
Freddy Galvis,2015,PHI,76.0
Marwin Gonzalez,2015,HOU,111.0
Yasiel Puig,2015,LAD,111.0
Luis Valbuena,2015,HOU,108.0
Marlon Byrd,2015,- - -,100.0
Steven Souza Jr.,2015,TBR,102.0
Jose Iglesias,2015,DET,97.0
Johnny Giavotella,2015,LAA,93.0
Marcell Ozuna,2015,MIA,92.0
Lonnie Chisenhall,2015,CLE,78.0
Alcides Escobar,2015,KCR,66.0
Chris Colabello,2015,TOR,143.0
Stephen Piscotty,2015,STL,134.0
Nick Markakis,2015,ATL,106.0
Jake Lamb,2015,ARI,91.0
Marcus Semien,2015,OAK,97.0
Ian Desmond,2015,WSN,83.0
Chris Iannetta,2015,LAA,78.0
Jonathan Schoop,2015,BAL,113.0
Mark Canha,2015,OAK,105.0
Brad Miller,2015,SEA,105.0
Josh Harrison,2015,PIT,98.0
Cameron Maybin,2015,ATL,93.0
Cesar Hernandez,2015,PHI,92.0
Ryan Goins,2015,TOR,85.0
Khris Davis,2015,MIL,122.0
Nick Hundley,2015,COL,105.0
Nori Aoki,2015,SFG,109.0
Billy Hamilton,2015,CIN,53.0
Mark Trumbo,2015,- - -,107.0
Aramis Ramirez,2015,- - -,93.0
Jed Lowrie,2015,HOU,95.0
Anthony Rendon,2015,WSN,97.0
Ruben Tejada,2015,NYM,94.0
Will Venable,2015,- - -,87.0
Jacoby Ellsbury,2015,NYY,83.0
Kevin Plawecki,2015,NYM,59.0
Martin Maldonado,2015,MIL,54.0
Wil Myers,2015,SDP,115.0
Matt Kemp,2015,SDP,109.0
Rajai Davis,2015,DET,100.0
Yonder Alonso,2015,SDP,110.0
Jace Peterson,2015,ATL,79.0
Nick Ahmed,2015,ARI,66.0
Matt Holliday,2015,STL,125.0
Ben Paulsen,2015,COL,99.0
A.J. Pierzynski,2015,ATL,111.0
Eugenio Suarez,2015,CIN,106.0
Alejandro De Aza,2015,- - -,105.0
Abraham Almonte,2015,- - -,95.0
Blake Swihart,2015,BOS,93.0
Brett Lawrie,2015,OAK,94.0
Scott Van Slyke,2015,LAD,95.0
Jedd Gyorko,2015,SDP,93.0
Erick Aybar,2015,LAA,78.0
Chris Young,2015,NYY,110.0
Ryan Zimmerman,2015,WSN,106.0
Robinson Chirinos,2015,TEX,106.0
Salvador Perez,2015,KCR,87.0
Justin Smoak,2015,TOR,108.0
Paulo Orlando,2015,KCR,89.0
Torii Hunter,2015,MIN,89.0
Jose Reyes,2015,- - -,81.0
Tucker Barnhart,2015,CIN,76.0
Leonys Martin,2015,TEX,52.0
Mike Zunino,2015,SEA,47.0
Derek Dietrich,2015,MIA,122.0
Clint Robinson,2015,WSN,114.0
Welington Castillo,2015,- - -,98.0
Anthony Gose,2015,DET,89.0
Starlin Castro,2015,CHC,79.0
Yan Gomes,2015,CLE,74.0
Juan Lagares,2015,NYM,79.0
Justin Bour,2015,MIA,119.0
Pedro Alvarez,2015,PIT,112.0
C.J. Cron,2015,LAA,104.0
Preston Tucker,2015,HOU,104.0
Nick Castellanos,2015,DET,94.0
Cameron Rupp,2015,PHI,81.0
Carlos Perez,2015,LAA,80.0
Jose Ramirez,2015,CLE,72.0
Brandon Moss,2015,- - -,93.0
Stephen Drew,2015,NYY,76.0
Jimmy Rollins,2015,LAD,80.0
Jordy Mercer,2015,PIT,65.0
Eric Sogard,2015,OAK,66.0
Kelly Johnson,2015,- - -,106.0
Evan Gattis,2015,HOU,103.0
Joey Butler,2015,TBR,108.0
Matt Wieters,2015,BAL,102.0
Mike Napoli,2015,- - -,99.0
Chris Carter,2015,HOU,105.0
Jorge Soler,2015,CHC,95.0
Joe Mauer,2015,MIN,93.0
Tyler Saladino,2015,CHW,64.0
David Murphy,2015,- - -,101.0
Jay Bruce,2015,CIN,93.0
Jimmy Paredes,2015,BAL,97.0
Michael Cuddyer,2015,NYM,97.0
J.T. Realmuto,2015,MIA,89.0
Elian Herrera,2015,MIL,83.0
Scooter Gennett,2015,MIL,78.0
Ryan Flaherty,2015,BAL,72.0
Steve Pearce,2015,BAL,93.0
Melky Cabrera,2015,CHW,94.0
Travis Snider,2015,- - -,82.0
Rusney Castillo,2015,BOS,73.0
Alexei Ramirez,2015,CHW,74.0
Chase Utley,2015,- - -,71.0
Jean Segura,2015,MIL,64.0
Michael Bourn,2015,- - -,65.0
Sam Fuld,2015,OAK,59.0
Logan Morrison,2015,SEA,90.0
Gio Urshela,2015,CLE,65.0
Yolmer Sanchez,2015,CHW,63.0
J.J. Hardy,2015,BAL,51.0
Mark Reynolds,2015,STL,98.0
Jayson Werth,2015,WSN,87.0
Aaron Hill,2015,ARI,70.0
Michael A. Taylor,2015,WSN,69.0
Ryan Howard,2015,PHI,93.0
Dustin Ackley,2015,- - -,94.0
Grady Sizemore,2015,- - -,91.0
Alex Rios,2015,KCR,72.0
Angel Pagan,2015,SFG,78.0
Justin Maxwell,2015,SFG,72.0
Darin Ruf,2015,PHI,95.0
Avisail Garcia,2015,CHW,86.0
David DeJesus,2015,- - -,75.0
Hernan Perez,2015,- - -,52.0
Jonny Gomes,2015,- - -,84.0
Brayan Pena,2015,CIN,83.0
Michael Morse,2015,- - -,84.0
Chris Johnson,2015,- - -,69.0
Will Middlebrooks,2015,SDP,64.0
Rene Rivera,2015,TBR,32.0
Wilson Ramos,2015,WSN,62.0
Alberto Callaspo,2015,- - -,69.0
Cody Asche,2015,PHI,86.0
James McCann,2015,DET,84.0
Brandon Barnes,2015,COL,64.0
Jeff Francoeur,2015,PHI,93.0
Billy Butler,2015,OAK,98.0
Skip Schumaker,2015,CIN,75.0
Nick Swisher,2015,- - -,77.0
Ichiro Suzuki,2015,MIA,56.0
Conor Gillaspie,2015,- - -,68.0
Mike Aviles,2015,CLE,63.0
Alexi Amarista,2015,SDP,48.0
Kurt Suzuki,2015,MIN,64.0
Yasmany Tomas,2015,ARI,87.0
James Loney,2015,TBR,87.0
Chris Owings,2015,ARI,51.0
Hanley Ramirez,2015,BOS,90.0
Pablo Sandoval,2015,BOS,76.0
Adam LaRoche,2015,CHW,77.0
Matt Joyce,2015,LAA,60.0
Omar Infante,2015,KCR,43.0
Danny Santana,2015,MIN,38.0
Casey McGehee,2015,- - -,52.0
Carlos Ruiz,2015,PHI,59.0
Victor Martinez,2015,DET,77.0
Mike Trout,2016,LAA,170.0
Kris Bryant,2016,CHC,148.0
Mookie Betts,2016,BOS,136.0
Jose Altuve,2016,HOU,152.0
Josh Donaldson,2016,TOR,157.0
Buster Posey,2016,SFG,114.0
Brian Dozier,2016,MIN,132.0
Freddie Freeman,2016,ATL,152.0
Robinson Cano,2016,SEA,139.0
Yasmani Grandal,2016,LAD,121.0
Adam Eaton,2016,CHW,117.0
Jean Segura,2016,ARI,126.0
Nolan Arenado,2016,COL,126.0
Kyle Seager,2016,SEA,134.0
Manny Machado,2016,BAL,131.0
Jackie Bradley Jr.,2016,BOS,118.0
Ian Kinsler,2016,DET,124.0
Miguel Cabrera,2016,DET,153.0
Christian Yelich,2016,MIA,134.0
Adrian Beltre,2016,TEX,127.0
Corey Seager,2016,LAD,136.0
Francisco Lindor,2016,CLE,109.0
Joey Votto,2016,CIN,158.0
DJ LeMahieu,2016,COL,130.0
Jose Ramirez,2016,CLE,119.0
Anthony Rizzo,2016,CHC,145.0
Daniel Murphy,2016,WSN,154.0
Nelson Cruz,2016,SEA,148.0
David Ortiz,2016,BOS,163.0
Charlie Blackmon,2016,COL,132.0
George Springer,2016,HOU,126.0
Yadier Molina,2016,STL,114.0
Paul Goldschmidt,2016,ARI,133.0
Jonathan Lucroy,2016,- - -,123.0
Justin Turner,2016,LAD,123.0
Dexter Fowler,2016,CHC,129.0
Evan Longoria,2016,TBR,123.0
Wilson Ramos,2016,WSN,123.0
Carlos Correa,2016,HOU,123.0
Brandon Crawford,2016,SFG,104.0
Trea Turner,2016,WSN,146.0
Matt Carpenter,2016,STL,136.0
Jason Kipnis,2016,CLE,114.0
Ender Inciarte,2016,ATL,97.0
Dustin Pedroia,2016,BOS,121.0
Kevin Kiermaier,2016,TBR,104.0
Billy Hamilton,2016,CIN,78.0
Brandon Belt,2016,SFG,136.0
Jake Lamb,2016,ARI,114.0
Starling Marte,2016,PIT,120.0
Xander Bogaerts,2016,BOS,114.0
Odubel Herrera,2016,PHI,110.0
Russell Martin,2016,TOR,101.0
Edwin Encarnacion,2016,TOR,136.0
Ben Zobrist,2016,CHC,124.0
Elvis Andrus,2016,TEX,109.0
Addison Russell,2016,CHC,95.0
Trevor Story,2016,COL,122.0
Jonathan Schoop,2016,BAL,99.0
Jonathan Villar,2016,MIL,120.0
Asdrubal Cabrera,2016,NYM,120.0
Ian Desmond,2016,TEX,103.0
Cesar Hernandez,2016,PHI,107.0
Ryan Braun,2016,MIL,134.0
Yoenis Cespedes,2016,NYM,136.0
Carlos Santana,2016,CLE,130.0
Joc Pederson,2016,LAD,128.0
Anthony Rendon,2016,WSN,110.0
Wil Myers,2016,SDP,114.0
Evan Gattis,2016,HOU,121.0
Martin Prado,2016,MIA,112.0
Aledmys Diaz,2016,STL,132.0
Kole Calhoun,2016,LAA,117.0
Todd Frazier,2016,CHW,105.0
Jung Ho Kang,2016,PIT,132.0
Curtis Granderson,2016,NYM,116.0
Rougned Odor,2016,TEX,103.0
Andrelton Simmons,2016,LAA,90.0
Jason Castro,2016,HOU,90.0
Hanley Ramirez,2016,BOS,127.0
Logan Forsythe,2016,TBR,113.0
Tim Anderson,2016,CHW,98.0
Francisco Cervelli,2016,PIT,98.0
Leonys Martin,2016,SEA,89.0
Stephen Piscotty,2016,STL,116.0
Devon Travis,2016,TOR,111.0
Marcus Semien,2016,OAK,98.0
Khris Davis,2016,OAK,122.0
Jedd Gyorko,2016,STL,112.0
Adam Jones,2016,BAL,98.0
Javier Baez,2016,CHC,94.0
Brett Gardner,2016,NYY,96.0
Jordy Mercer,2016,PIT,88.0
J.D. Martinez,2016,DET,143.0
Ryan Schimpf,2016,SDP,128.0
Willson Contreras,2016,CHC,126.0
Tyler Flowers,2016,ATL,110.0
Marcell Ozuna,2016,MIA,109.0
Didi Gregorius,2016,NYY,97.0
Starlin Castro,2016,NYY,93.0
Sean Rodriguez,2016,PIT,128.0
Ryon Healy,2016,OAK,132.0
Nick Castellanos,2016,DET,119.0
Neil Walker,2016,NYM,124.0
Michael Saunders,2016,TOR,119.0
J.T. Realmuto,2016,MIA,111.0
Troy Tulowitzki,2016,TOR,104.0
Eduardo Nunez,2016,- - -,101.0
Carlos Gonzalez,2016,COL,110.0
Chris Carter,2016,MIL,113.0
Jose Abreu,2016,CHW,121.0
Yangervis Solarte,2016,SDP,117.0
Derek Dietrich,2016,MIA,121.0
Adam Duvall,2016,CIN,104.0
Gregory Polanco,2016,PIT,106.0
Lorenzo Cain,2016,KCR,99.0
Paulo Orlando,2016,KCR,96.0
Jarrod Dyson,2016,KCR,95.0
Brian McCann,2016,NYY,102.0
Eugenio Suarez,2016,CIN,93.0
Tyler Naquin,2016,CLE,133.0
Carlos Beltran,2016,- - -,122.0
Jose Bautista,2016,TOR,123.0
Cameron Maybin,2016,DET,121.0
Max Kepler,2016,MIN,93.0
Chase Headley,2016,NYY,92.0
Mark Trumbo,2016,BAL,125.0
Sandy Leon,2016,BOS,124.0
Luis Valbuena,2016,HOU,124.0
Giancarlo Stanton,2016,MIA,118.0
Bryce Harper,2016,WSN,111.0
Byron Buxton,2016,MIN,86.0
Josh Harrison,2016,PIT,86.0
Matt Joyce,2016,PIT,136.0
Melky Cabrera,2016,CHW,116.0
Jacoby Ellsbury,2016,NYY,90.0
Joe Panik,2016,SFG,86.0
Kevin Pillar,2016,TOR,82.0
Brandon Guyer,2016,- - -,121.0
Danny Valencia,2016,OAK,117.0
Justin Upton,2016,DET,105.0
Randal Grichuk,2016,STL,102.0
David Freese,2016,PIT,108.0
Cameron Rupp,2016,PHI,98.0
Jose Iglesias,2016,DET,74.0
Chris Davis,2016,BAL,113.0
Joe Mauer,2016,MIN,102.0
Ichiro Suzuki,2016,MIA,102.0
Freddy Galvis,2016,PHI,74.0
Steve Pearce,2016,- - -,136.0
Hyun Soo Kim,2016,BAL,121.0
Josh Reddick,2016,- - -,104.0
Yunel Escobar,2016,LAA,107.0
Yasiel Puig,2016,LAD,101.0
Hernan Perez,2016,MIL,90.0
J.J. Hardy,2016,BAL,90.0
Jace Peterson,2016,ATL,95.0
Martin Maldonado,2016,MIL,78.0
Brad Miller,2016,TBR,111.0
Angel Pagan,2016,SFG,102.0
Welington Castillo,2016,ARI,91.0
Matt Wieters,2016,BAL,90.0
Darwin Barney,2016,TOR,88.0
Alex Gordon,2016,KCR,86.0
Miguel Montero,2016,CHC,83.0
Hunter Pence,2016,SFG,119.0
Jose Reyes,2016,NYM,109.0
Nori Aoki,2016,SEA,107.0
Tyler Saladino,2016,CHW,96.0
Alcides Escobar,2016,KCR,69.0
Jay Bruce,2016,- - -,111.0
Mike Napoli,2016,CLE,111.0
Brandon Moss,2016,STL,105.0
Jose Peraza,2016,CIN,102.0
Chase Utley,2016,LAD,96.0
Marwin Gonzalez,2016,HOU,89.0
Travis d'Arnaud,2016,NYM,75.0
Pedro Alvarez,2016,BAL,119.0
Justin Bour,2016,MIA,118.0
Lonnie Chisenhall,2016,CLE,100.0
Greg Garcia,2016,STL,111.0
Jayson Werth,2016,WSN,100.0
Cheslor Cuthbert,2016,KCR,95.0
Steven Souza Jr.,2016,TBR,94.0
Rajai Davis,2016,CLE,83.0
Howie Kendrick,2016,LAD,90.0
C.J. Cron,2016,LAA,114.0
Adrian Gonzalez,2016,LAD,111.0
Albert Pujols,2016,LAA,110.0
Michael Conforto,2016,NYM,97.0
Eddie Rosario,2016,MIN,86.0
Melvin Upton Jr.,2016,- - -,84.0
Danny Espinosa,2016,WSN,78.0
Kolten Wong,2016,STL,85.0
Matt Duffy,2016,- - -,82.0
Colby Rasmus,2016,HOU,77.0
Jake Marisnick,2016,HOU,60.0
Robbie Grossman,2016,MIN,127.0
Victor Martinez,2016,DET,120.0
Kendrys Morales,2016,KCR,111.0
Franklin Gutierrez,2016,SEA,115.0
Andrew McCutchen,2016,PIT,105.0
Maikel Franco,2016,PHI,92.0
Chris Owings,2016,ARI,86.0
Brett Lawrie,2016,CHW,95.0
Whit Merrifield,2016,KCR,91.0
Brock Holt,2016,BOS,87.0
Travis Jankowski,2016,SDP,81.0
Jefry Marte,2016,LAA,113.0
Matt Adams,2016,STL,106.0
Seth Smith,2016,SEA,111.0
Jorge Polanco,2016,MIN,101.0
Scooter Gennett,2016,MIL,92.0
Aaron Hill,2016,- - -,90.0
Dee Strange-Gordon,2016,MIA,75.0
Wilmer Flores,2016,NYM,114.0
Alex Dickerson,2016,SDP,111.0
John Jaso,2016,PIT,109.0
Logan Morrison,2016,TBR,100.0
Zack Cozart,2016,CIN,90.0
Ryan Rua,2016,TEX,90.0
Joey Rickard,2016,BAL,88.0
Chase d'Arnaud,2016,ATL,76.0
Adeiny Hechavarria,2016,MIA,59.0
Brandon Drury,2016,ARI,102.0
Scott Schebler,2016,CIN,100.0
Corey Dickerson,2016,TBR,101.0
Nomar Mazara,2016,TEX,91.0
Trayce Thompson,2016,LAD,100.0
Denard Span,2016,SFG,94.0
Johnny Giavotella,2016,LAA,79.0
Jurickson Profar,2016,TEX,75.0
Jason Heyward,2016,CHC,72.0
James McCann,2016,DET,67.0
Curt Casali,2016,TBR,67.0
Nick Ahmed,2016,ARI,42.0
Tommy Joseph,2016,PHI,112.0
Mark Reynolds,2016,COL,101.0
Matt Holliday,2016,STL,109.0
Daniel Descalso,2016,COL,90.0
Nick Markakis,2016,ATL,98.0
Jon Jay,2016,SDP,99.0
Salvador Perez,2016,KCR,89.0
Adonis Garcia,2016,ATL,89.0
Jhonny Peralta,2016,STL,91.0
Kirk Nieuwenhuis,2016,MIL,91.0
Tucker Barnhart,2016,CIN,82.0
Miguel Sano,2016,MIN,107.0
Jorge Soler,2016,CHC,106.0
Travis Shaw,2016,BOS,88.0
Trevor Plouffe,2016,MIN,91.0
Peter Bourjos,2016,PHI,78.0
Derek Norris,2016,SDP,54.0
Domingo Santana,2016,MIL,111.0
Stephen Vogt,2016,OAK,91.0
Kelly Johnson,2016,- - -,88.0
Michael Bourn,2016,- - -,79.0
Carlos Gomez,2016,- - -,83.0
Ezequiel Carrera,2016,TOR,86.0
Ketel Marte,2016,SEA,67.0
Eric Hosmer,2016,KCR,102.0
Eduardo Escobar,2016,MIN,63.0
Coco Crisp,2016,- - -,88.0
Jeff Francoeur,2016,- - -,78.0
James Loney,2016,NYM,91.0
Avisail Garcia,2016,CHW,88.0
Yonder Alonso,2016,OAK,87.0
Tyler White,2016,HOU,81.0
Jake Smolinski,2016,OAK,77.0
Gordon Beckham,2016,- - -,71.0
Bobby Wilson,2016,- - -,62.0
Nick Hundley,2016,COL,84.0
Dae-Ho Lee,2016,SEA,103.0
Adam Lind,2016,SEA,93.0
Kurt Suzuki,2016,MIN,86.0
Brandon Phillips,2016,CIN,92.0
Alejandro De Aza,2016,NYM,73.0
Mitch Moreland,2016,TEX,83.0
Ryan Raburn,2016,COL,75.0
Cristhian Adames,2016,COL,51.0
Carlos Perez,2016,LAA,52.0
Billy Butler,2016,- - -,104.0
Justin Smoak,2016,TOR,92.0
Erick Aybar,2016,- - -,65.0
Yasmany Tomas,2016,ARI,109.0
Brett Wallace,2016,SDP,73.0
Aaron Hicks,2016,NYY,64.0
Chris Coghlan,2016,- - -,65.0
Juan Uribe,2016,CLE,52.0
Matt Kemp,2016,- - -,108.0
Gregor Blanco,2016,SFG,68.0
Mark Teixeira,2016,NYY,76.0
Chris Iannetta,2016,SEA,78.0
Jarrod Saltalamacchia,2016,DET,70.0
Chris Johnson,2016,MIA,66.0
Ben Revere,2016,WSN,46.0
Yan Gomes,2016,CLE,30.0
Ryan Zimmerman,2016,WSN,66.0
Billy Burns,2016,- - -,51.0
Gerardo Parra,2016,COL,58.0
Jed Lowrie,2016,OAK,76.0
Ryan Howard,2016,PHI,83.0
Alexei Ramirez,2016,- - -,63.0
Ramon Flores,2016,MIL,49.0
Prince Fielder,2016,TEX,62.0
A.J. Pierzynski,2016,ATL,41.0
Dioner Navarro,2016,- - -,58.0
Aaron Judge,2017,NYY,174.0
Jose Altuve,2017,HOU,160.0
Jose Ramirez,2017,CLE,146.0
Kris Bryant,2017,CHC,147.0
Mike Trout,2017,LAA,180.0
Giancarlo Stanton,2017,MIA,158.0
Joey Votto,2017,CIN,163.0
Brian Dozier,2017,MIN,126.0
Anthony Rendon,2017,WSN,141.0
Nolan Arenado,2017,COL,130.0
Tommy Pham,2017,STL,149.0
Francisco Lindor,2017,CLE,116.0
Justin Turner,2017,LAD,151.0
Marcell Ozuna,2017,MIA,143.0
Charlie Blackmon,2017,COL,142.0
Paul Goldschmidt,2017,ARI,142.0
Corey Seager,2017,LAD,127.0
Josh Donaldson,2017,TOR,151.0
Carlos Correa,2017,HOU,152.0
Travis Shaw,2017,MIL,120.0
Buster Posey,2017,SFG,128.0
Lorenzo Cain,2017,KCR,115.0
Andrelton Simmons,2017,LAA,102.0
Alex Bregman,2017,HOU,123.0
Mookie Betts,2017,BOS,107.0
Freddie Freeman,2017,ATL,149.0
Chris Taylor,2017,LAD,126.0
Jonathan Schoop,2017,BAL,120.0
J.T. Realmuto,2017,MIA,107.0
Marwin Gonzalez,2017,HOU,144.0
Jose Abreu,2017,CHW,139.0
Justin Upton,2017,- - -,137.0
Anthony Rizzo,2017,CHC,134.0
George Springer,2017,HOU,140.0
Mike Zunino,2017,SEA,126.0
Byron Buxton,2017,MIN,92.0
J.D. Martinez,2017,- - -,167.0
Michael Conforto,2017,NYM,147.0
Avisail Garcia,2017,CHW,138.0
Tyler Flowers,2017,ATL,117.0
Zack Cozart,2017,CIN,139.0
Bryce Harper,2017,WSN,155.0
Gary Sanchez,2017,NYY,131.0
Elvis Andrus,2017,TEX,105.0
Cody Bellinger,2017,LAD,138.0
Christian Yelich,2017,MIA,117.0
Ender Inciarte,2017,ATL,97.0
Eugenio Suarez,2017,CIN,116.0
Jed Lowrie,2017,OAK,120.0
Yasmani Grandal,2017,LAD,102.0
Josh Reddick,2017,HOU,127.0
Brett Gardner,2017,NYY,110.0
Austin Barnes,2017,LAD,142.0
Eric Hosmer,2017,KCR,135.0
Steven Souza Jr.,2017,TBR,121.0
Daniel Murphy,2017,WSN,135.0
Andrew McCutchen,2017,PIT,122.0
Jedd Gyorko,2017,STL,113.0
Kyle Seager,2017,SEA,106.0
Ryan Zimmerman,2017,WSN,137.0
Nelson Cruz,2017,SEA,146.0
Justin Smoak,2017,TOR,133.0
Kevin Kiermaier,2017,TBR,113.0
Jean Segura,2017,SEA,111.0
DJ LeMahieu,2017,COL,94.0
Whit Merrifield,2017,KCR,105.0
Xander Bogaerts,2017,BOS,95.0
Martin Maldonado,2017,LAA,72.0
Domingo Santana,2017,MIL,127.0
Javier Baez,2017,CHC,98.0
Trea Turner,2017,WSN,104.0
Logan Morrison,2017,TBR,131.0
Khris Davis,2017,OAK,130.0
Todd Frazier,2017,- - -,109.0
Carlos Santana,2017,CLE,115.0
Michael A. Taylor,2017,WSN,104.0
Robinson Cano,2017,SEA,112.0
Christian Vazquez,2017,BOS,92.0
Joe Mauer,2017,MIN,117.0
Cesar Hernandez,2017,PHI,111.0
Starlin Castro,2017,NYY,111.0
Tim Beckham,2017,- - -,109.0
Josh Harrison,2017,PIT,104.0
Jake Lamb,2017,ARI,111.0
Matt Carpenter,2017,STL,124.0
Jay Bruce,2017,- - -,118.0
Adam Duvall,2017,CIN,96.0
Odubel Herrera,2017,PHI,100.0
Adrian Beltre,2017,TEX,133.0
Edwin Encarnacion,2017,CLE,130.0
Aaron Hicks,2017,NYY,128.0
Eddie Rosario,2017,MIN,117.0
Mike Moustakas,2017,KCR,113.0
Yasiel Puig,2017,LAD,117.0
Didi Gregorius,2017,NYY,109.0
Brian McCann,2017,HOU,103.0
Yadier Molina,2017,STL,95.0
Ian Kinsler,2017,DET,92.0
Manuel Margot,2017,SDP,90.0
Dee Strange-Gordon,2017,MIA,94.0
Justin Bour,2017,MIA,134.0
Eric Thames,2017,MIL,125.0
Scooter Gennett,2017,CIN,123.0
Joey Gallo,2017,TEX,119.0
Chris Iannetta,2017,ARI,120.0
Miguel Sano,2017,MIN,125.0
Dexter Fowler,2017,STL,122.0
Mitch Haniger,2017,SEA,129.0
Brandon Belt,2017,SFG,119.0
Corey Dickerson,2017,TBR,116.0
Evan Longoria,2017,TBR,97.0
Jackie Bradley Jr.,2017,BOS,89.0
Willson Contreras,2017,CHC,122.0
Matt Joyce,2017,OAK,117.0
Matt Chapman,2017,OAK,110.0
Addison Russell,2017,CHC,85.0
Yonder Alonso,2017,- - -,133.0
Aaron Altherr,2017,PHI,120.0
Nick Castellanos,2017,DET,111.0
Neil Walker,2017,- - -,115.0
Kolten Wong,2017,STL,108.0
Yolmer Sanchez,2017,CHW,95.0
Orlando Arcia,2017,MIL,86.0
Jason Castro,2017,MIN,94.0
Paul DeJong,2017,STL,123.0
Yuli Gurriel,2017,HOU,118.0
Carlos Gomez,2017,TEX,105.0
Austin Jackson,2017,CLE,129.0
Jake Marisnick,2017,HOU,117.0
Welington Castillo,2017,BAL,112.0
A.J. Pollock,2017,ARI,103.0
Salvador Perez,2017,KCR,102.0
Andrew Benintendi,2017,BOS,102.0
Joe Panik,2017,SFG,104.0
Trevor Story,2017,COL,82.0
Brandon Drury,2017,ARI,92.0
Chase Headley,2017,NYY,105.0
Max Kepler,2017,MIN,94.0
Jordy Mercer,2017,PIT,88.0
Jorge Polanco,2017,MIN,90.0
Austin Hedges,2017,SDP,69.0
Yoenis Cespedes,2017,NYM,132.0
Lonnie Chisenhall,2017,CLE,127.0
Robinson Chirinos,2017,TEX,122.0
Ian Happ,2017,CHC,114.0
Jose Pirela,2017,SDP,120.0
Trey Mancini,2017,BAL,116.0
Michael Brantley,2017,CLE,109.0
David Freese,2017,PIT,100.0
Brandon Crawford,2017,SFG,86.0
Yan Gomes,2017,CLE,85.0
Jarrod Dyson,2017,SEA,86.0
Billy Hamilton,2017,CIN,65.0
Manny Machado,2017,BAL,102.0
Curtis Granderson,2017,- - -,106.0
Russell Martin,2017,TOR,101.0
Freddy Galvis,2017,PHI,79.0
Jose Martinez,2017,STL,136.0
Alex Avila,2017,- - -,125.0
Ryan Braun,2017,MIL,111.0
Eduardo Nunez,2017,- - -,112.0
David Peralta,2017,ARI,104.0
Johan Camargo,2017,ATL,99.0
Eric Sogard,2017,MIL,109.0
Manny Pina,2017,MIL,95.0
Travis d'Arnaud,2017,NYM,92.0
Wil Myers,2017,SDP,107.0
Scott Schebler,2017,CIN,98.0
Jacoby Ellsbury,2017,NYY,102.0
Miguel Rojas,2017,MIA,98.0
Yangervis Solarte,2017,SDP,91.0
Jose Reyes,2017,NYM,95.0
Adeiny Hechavarria,2017,- - -,84.0
Adam Jones,2017,BAL,106.0
Asdrubal Cabrera,2017,NYM,112.0
Randal Grichuk,2017,STL,95.0
Leury Garcia,2017,CHW,98.0
Keon Broxton,2017,MIL,85.0
Cameron Maybin,2017,- - -,87.0
Howie Kendrick,2017,- - -,120.0
Mikie Mahtook,2017,DET,107.0
Eduardo Escobar,2017,MIN,97.0
Kevin Pillar,2017,TOR,86.0
Jesus Aguilar,2017,MIL,114.0
Evan Gattis,2017,HOU,105.0
Dustin Pedroia,2017,BOS,101.0
Tucker Barnhart,2017,CIN,90.0
Kole Calhoun,2017,LAA,97.0
Marcus Semien,2017,OAK,97.0
Delino DeShields,2017,TEX,86.0
Omar Narvaez,2017,CHW,101.0
Starling Marte,2017,PIT,91.0
Wilmer Difo,2017,WSN,75.0
Juan Lagares,2017,NYM,78.0
Kurt Suzuki,2017,ATL,126.0
Gerardo Parra,2017,COL,91.0
Albert Almora Jr.,2017,CHC,104.0
Kyle Schwarber,2017,CHC,103.0
Jon Jay,2017,CHC,101.0
Ketel Marte,2017,ARI,89.0
Caleb Joseph,2017,BAL,82.0
Ronald Torreyes,2017,NYY,83.0
Derek Dietrich,2017,MIA,101.0
C.J. Cron,2017,LAA,98.0
Ben Gamel,2017,SEA,99.0
Jason Heyward,2017,CHC,89.0
Hernan Perez,2017,MIL,79.0
Greg Garcia,2017,STL,95.0
Bradley Zimmer,2017,CLE,79.0
Jose Iglesias,2017,DET,72.0
Guillermo Heredia,2017,SEA,80.0
Adam Lind,2017,WSN,120.0
Lucas Duda,2017,- - -,114.0
Josh Bell,2017,PIT,108.0
Seth Smith,2017,BAL,105.0
Mitch Moreland,2017,BOS,98.0
Nori Aoki,2017,- - -,97.0
Kevan Smith,2017,CHW,86.0
Wilmer Flores,2017,NYM,107.0
Robbie Grossman,2017,MIN,104.0
Yunel Escobar,2017,LAA,99.0
Enrique Hernandez,2017,LAD,92.0
Mark Reynolds,2017,COL,105.0
Hunter Renfroe,2017,SDP,94.0
Adam Frazier,2017,PIT,97.0
Nick Markakis,2017,ATL,93.0
James McCann,2017,DET,94.0
Chase Utley,2017,LAD,96.0
Cory Spangenberg,2017,SDP,92.0
Stephen Piscotty,2017,STL,93.0
Carlos Asuaje,2017,SDP,88.0
Chris Owings,2017,ARI,85.0
Brandon Phillips,2017,- - -,91.0
Danny Valencia,2017,SEA,96.0
Gregor Blanco,2017,ARI,82.0
Mallex Smith,2017,TBR,88.0
Tim Anderson,2017,CHW,79.0
Logan Forsythe,2017,LAD,90.0
Gorkys Hernandez,2017,SFG,77.0
Brian Goodwin,2017,WSN,103.0
Bruce Maxwell,2017,OAK,85.0
Sandy Leon,2017,BOS,66.0
Alcides Escobar,2017,KCR,61.0
Matt Adams,2017,- - -,110.0
Nick Williams,2017,PHI,110.0
Shin-Soo Choo,2017,TEX,102.0
Alex Presley,2017,DET,106.0
Ezequiel Carrera,2017,TOR,108.0
Kennys Vargas,2017,MIN,99.0
Denard Span,2017,SFG,102.0
Francisco Cervelli,2017,PIT,93.0
Jason Kipnis,2017,CLE,80.0
Aledmys Diaz,2017,STL,78.0
Jonathan Villar,2017,MIL,72.0
Jorge Bonifacio,2017,KCR,98.0
Chad Pinder,2017,OAK,99.0
John Jaso,2017,PIT,94.0
Luis Valbuena,2017,LAA,93.0
Ben Revere,2017,LAA,76.0
Rajai Davis,2017,- - -,73.0
Daniel Robertson,2017,TBR,77.0
Nomar Mazara,2017,TEX,87.0
Joc Pederson,2017,LAD,100.0
Stephen Vogt,2017,- - -,84.0
Troy Tulowitzki,2017,TOR,79.0
Ryan Goins,2017,TOR,70.0
Steve Pearce,2017,TOR,100.0
Melky Cabrera,2017,- - -,98.0
Daniel Descalso,2017,ARI,88.0
Hunter Pence,2017,SFG,87.0
Gregory Polanco,2017,PIT,81.0
Ben Zobrist,2017,CHC,83.0
Joey Rickard,2017,BAL,62.0
Adam Engel,2017,CHW,39.0
Carlos Gonzalez,2017,COL,85.0
Ryon Healy,2017,OAK,101.0
Matt Holliday,2017,NYY,99.0
Jonathan Lucroy,2017,- - -,80.0
Nick Hundley,2017,SFG,78.0
Maikel Franco,2017,PHI,76.0
Brad Miller,2017,TBR,84.0
Jayson Werth,2017,WSN,86.0
Tony Wolters,2017,COL,50.0
Jose Peraza,2017,CIN,61.0
Cameron Rupp,2017,PHI,84.0
Kendrys Morales,2017,TOR,98.0
Hanley Ramirez,2017,BOS,92.0
Chris Young,2017,BOS,87.0
J.J. Hardy,2017,BAL,49.0
Austin Romine,2017,NYY,50.0
Chris Davis,2017,BAL,91.0
Miguel Cabrera,2017,DET,92.0
Erick Aybar,2017,SDP,72.0
Dansby Swanson,2017,ATL,63.0
Tommy Joseph,2017,PHI,84.0
Adrian Gonzalez,2017,LAD,69.0
Andrew Romine,2017,DET,66.0
Brandon Moss,2017,KCR,83.0
Rougned Odor,2017,TEX,56.0
Alex Gordon,2017,KCR,62.0
Mike Napoli,2017,TEX,77.0
Matt Davidson,2017,CHW,85.0
Jose Bautista,2017,TOR,81.0
Adam Rosales,2017,- - -,58.0
Darwin Barney,2017,TOR,59.0
Taylor Motter,2017,SEA,57.0
Ian Desmond,2017,COL,70.0
Victor Martinez,2017,DET,85.0
Pablo Sandoval,2017,- - -,64.0
Chris Herrmann,2017,ARI,58.0
Matt Kemp,2017,ATL,97.0
Tyler Saladino,2017,CHW,34.0
Trevor Plouffe,2017,- - -,59.0
Carlos Beltran,2017,HOU,76.0
Matt Wieters,2017,WSN,61.0
Danny Espinosa,2017,- - -,40.0
Mark Trumbo,2017,BAL,79.0
Albert Pujols,2017,LAA,77.0
Mookie Betts,2018,BOS,185.0
Mike Trout,2018,LAA,188.0
Alex Bregman,2018,HOU,157.0
Francisco Lindor,2018,CLE,132.0
Christian Yelich,2018,MIL,167.0
Jose Ramirez,2018,CLE,147.0
Manny Machado,2018,- - -,141.0
Matt Chapman,2018,OAK,139.0
Nolan Arenado,2018,COL,133.0
Lorenzo Cain,2018,MIL,125.0
J.D. Martinez,2018,BOS,170.0
Javier Baez,2018,CHC,131.0
Jose Altuve,2018,HOU,135.0
Anthony Rendon,2018,WSN,140.0
Yasmani Grandal,2018,LAD,125.0
Brandon Nimmo,2018,NYM,148.0
Jed Lowrie,2018,OAK,124.0
Trea Turner,2018,WSN,105.0
Aaron Judge,2018,NYY,150.0
Mitch Haniger,2018,SEA,137.0
Whit Merrifield,2018,KCR,119.0
Trevor Story,2018,COL,128.0
J.T. Realmuto,2018,MIA,127.0
Paul Goldschmidt,2018,ARI,145.0
Freddie Freeman,2018,ATL,136.0
Xander Bogaerts,2018,BOS,133.0
Ronald Acuna Jr.,2018,ATL,142.0
Eugenio Suarez,2018,CIN,135.0
Andrew Benintendi,2018,BOS,123.0
Max Muncy,2018,LAD,162.0
Andrelton Simmons,2018,LAA,106.0
Justin Turner,2018,LAD,154.0
Matt Carpenter,2018,STL,140.0
Starling Marte,2018,PIT,112.0
Aaron Hicks,2018,NYY,129.0
Ozzie Albies,2018,ATL,100.0
Nick Ahmed,2018,ARI,85.0
Miguel Andujar,2018,NYY,129.0
Joey Wendle,2018,TBR,117.0
David Peralta,2018,ARI,130.0
Giancarlo Stanton,2018,NYY,128.0
Jean Segura,2018,SEA,109.0
Juan Soto,2018,WSN,146.0
Tommy Pham,2018,- - -,130.0
Travis Shaw,2018,MIL,119.0
Harrison Bader,2018,STL,107.0
Carlos Correa,2018,HOU,101.0
Eduardo Escobar,2018,- - -,117.0
Scooter Gennett,2018,CIN,125.0
Michael Brantley,2018,CLE,125.0
Cody Bellinger,2018,LAD,120.0
Chris Taylor,2018,LAD,113.0
Michael Conforto,2018,NYM,119.0
Anthony Rizzo,2018,CHC,126.0
Didi Gregorius,2018,NYY,122.0
Eddie Rosario,2018,MIN,114.0
Bryce Harper,2018,WSN,135.0
Stephen Piscotty,2018,OAK,126.0
Johan Camargo,2018,ATL,115.0
George Springer,2018,HOU,119.0
Asdrubal Cabrera,2018,- - -,111.0
Mallex Smith,2018,TBR,118.0
Ender Inciarte,2018,ATL,90.0
Wilson Ramos,2018,- - -,132.0
Joey Votto,2018,CIN,130.0
Jose Peraza,2018,CIN,96.0
Jesus Aguilar,2018,MIL,135.0
Randal Grichuk,2018,TOR,114.0
Ketel Marte,2018,ARI,105.0
Brian Anderson,2018,MIA,113.0
Khris Davis,2018,OAK,136.0
Robinson Cano,2018,SEA,135.0
Ben Zobrist,2018,CHC,123.0
Enrique Hernandez,2018,LAD,118.0
Corey Dickerson,2018,PIT,114.0
Jackie Bradley Jr.,2018,BOS,90.0
Max Stassi,2018,HOU,100.0
Marcus Semien,2018,OAK,97.0
Nelson Cruz,2018,SEA,133.0
Gregory Polanco,2018,PIT,123.0
Kris Bryant,2018,CHC,126.0
Adalberto Mondesi,2018,KCR,113.0
Daniel Robertson,2018,TBR,128.0
Matt Olson,2018,OAK,119.0
Jorge Alfaro,2018,PHI,95.0
Starlin Castro,2018,MIA,101.0
Austin Hedges,2018,SDP,90.0
Shohei Ohtani,2018,LAA,149.0
Justin Upton,2018,LAA,121.0
Yadier Molina,2018,STL,105.0
Charlie Blackmon,2018,COL,117.0
Yan Gomes,2018,CLE,102.0
Buster Posey,2018,SFG,106.0
Brandon Crawford,2018,SFG,93.0
Gleyber Torres,2018,NYY,121.0
Nick Markakis,2018,ATL,114.0
A.J. Pollock,2018,ARI,110.0
Justin Smoak,2018,TOR,120.0
Rougned Odor,2018,TEX,95.0
Matt Duffy,2018,TBR,107.0
Tim Anderson,2018,CHW,85.0
Yasiel Puig,2018,LAD,123.0
C.J. Cron,2018,TBR,124.0
Carlos Santana,2018,PHI,108.0
Max Kepler,2018,MIN,98.0
Josh Reddick,2018,HOU,99.0
Yolmer Sanchez,2018,CHW,87.0
Addison Russell,2018,CHC,80.0
Kyle Schwarber,2018,CHC,115.0
Joey Gallo,2018,TEX,108.0
Jurickson Profar,2018,TEX,107.0
Cesar Hernandez,2018,PHI,100.0
Freddy Galvis,2018,SDP,85.0
Albert Almora Jr.,2018,CHC,90.0
Nick Castellanos,2018,DET,129.0
Matt Kemp,2018,LAD,122.0
Francisco Cervelli,2018,PIT,124.0
Andrew McCutchen,2018,- - -,121.0
Austin Romine,2018,NYY,92.0
Jeimer Candelario,2018,DET,93.0
Tyler Flowers,2018,ATL,94.0
Mike Zunino,2018,SEA,83.0
Rhys Hoskins,2018,PHI,128.0
Shin-Soo Choo,2018,TEX,117.0
Mark Canha,2018,OAK,115.0
Mike Moustakas,2018,- - -,105.0
Chad Pinder,2018,OAK,115.0
Denard Span,2018,- - -,112.0
Marcell Ozuna,2018,STL,107.0
Yuli Gurriel,2018,HOU,107.0
Jonathan Villar,2018,- - -,95.0
Jordy Mercer,2018,PIT,85.0
Brett Gardner,2018,NYY,91.0
Martin Maldonado,2018,- - -,72.0
Joc Pederson,2018,LAD,126.0
Jose Martinez,2018,STL,127.0
Adam Frazier,2018,PIT,116.0
DJ LeMahieu,2018,COL,87.0
Niko Goodrum,2018,DET,101.0
Marwin Gonzalez,2018,HOU,104.0
Kolten Wong,2018,STL,99.0
Manny Pina,2018,MIL,86.0
Billy Hamilton,2018,CIN,68.0
Hunter Renfroe,2018,SDP,114.0
Jose Abreu,2018,CHW,114.0
Elias Diaz,2018,PIT,114.0
Jedd Gyorko,2018,STL,111.0
Christian Villanueva,2018,SDP,104.0
Jason Heyward,2018,CHC,100.0
Dansby Swanson,2018,ATL,79.0
Steve Pearce,2018,- - -,140.0
David Freese,2018,- - -,125.0
Adam Eaton,2018,WSN,123.0
Brock Holt,2018,BOS,110.0
Josh Bell,2018,PIT,111.0
Jose Iglesias,2018,DET,89.0
Ian Kinsler,2018,- - -,86.0
Ryan Zimmerman,2018,WSN,118.0
Carlos Gonzalez,2018,COL,98.0
Brandon Belt,2018,SFG,107.0
Aledmys Diaz,2018,TOR,101.0
Leonys Martin,2018,- - -,101.0
Kevin Pillar,2018,TOR,88.0
Travis Jankowski,2018,SDP,91.0
David Fletcher,2018,LAA,86.0
Kevin Kiermaier,2018,TBR,79.0
Maikel Franco,2018,PHI,105.0
Jorge Polanco,2018,MIN,111.0
Wil Myers,2018,SDP,107.0
Odubel Herrera,2018,PHI,96.0
Jason Kipnis,2018,CLE,91.0
Todd Frazier,2018,NYM,92.0
Miguel Rojas,2018,MIA,79.0
Edwin Encarnacion,2018,CLE,116.0
Robbie Grossman,2018,MIN,109.0
Paul DeJong,2018,STL,103.0
Russell Martin,2018,TOR,90.0
JT Riddle,2018,MIA,79.0
Jesse Winker,2018,CIN,127.0
Charlie Culberson,2018,ATL,107.0
Adrian Beltre,2018,TEX,97.0
Willy Adames,2018,TBR,110.0
Alex Gordon,2018,KCR,89.0
Ehire Adrianza,2018,MIN,83.0
Franmil Reyes,2018,SDP,129.0
Jake Cave,2018,MIN,109.0
Scott Schebler,2018,CIN,108.0
Ryan Braun,2018,MIL,106.0
Kurt Suzuki,2018,ATL,107.0
Ian Happ,2018,CHC,106.0
Willson Contreras,2018,CHC,101.0
Avisail Garcia,2018,CHW,92.0
Yoan Moncada,2018,CHW,97.0
Gary Sanchez,2018,NYY,90.0
Brian Dozier,2018,- - -,90.0
Jonathan Schoop,2018,- - -,80.0
Leury Garcia,2018,CHW,86.0
Manuel Margot,2018,SDP,81.0
Michael A. Taylor,2018,WSN,71.0
Adam Engel,2018,CHW,68.0
Teoscar Hernandez,2018,TOR,106.0
Mitch Moreland,2018,BOS,101.0
Robinson Chirinos,2018,TEX,102.0
Rafael Devers,2018,BOS,90.0
Guillermo Heredia,2018,SEA,88.0
David Dahl,2018,COL,111.0
Curtis Granderson,2018,- - -,115.0
Tony Kemp,2018,HOU,110.0
Matt Davidson,2018,CHW,104.0
Wilmer Flores,2018,NYM,102.0
Chris Iannetta,2018,COL,85.0
Joe Mauer,2018,MIN,100.0
Elvis Andrus,2018,TEX,76.0
Daniel Descalso,2018,ARI,112.0
Ben Gamel,2018,SEA,107.0
Cory Spangenberg,2018,SDP,83.0
Jorge Soler,2018,KCR,123.0
Daniel Murphy,2018,- - -,111.0
Kendrys Morales,2018,TOR,107.0
Tyler Austin,2018,- - -,104.0
Lourdes Gurriel Jr.,2018,TOR,102.0
Nomar Mazara,2018,TEX,95.0
Justin Bour,2018,- - -,107.0
Alen Hanson,2018,SFG,87.0
Hernan Perez,2018,MIL,80.0
Kyle Seager,2018,SEA,83.0
Delino DeShields,2018,TEX,59.0
Omar Narvaez,2018,CHW,122.0
Matt Adams,2018,- - -,108.0
Colin Moran,2018,PIT,102.0
Jose Bautista,2018,- - -,106.0
Matt Wieters,2018,WSN,89.0
Kevin Plawecki,2018,NYM,92.0
Isiah Kiner-Falefa,2018,TEX,79.0
Cameron Maybin,2018,- - -,88.0
Greg Allen,2018,CLE,76.0
Carlos Gomez,2018,TBR,81.0
JaCoby Jones,2018,DET,68.0
Sandy Leon,2018,BOS,34.0
Eric Thames,2018,MIL,105.0
Derek Dietrich,2018,MIA,109.0
Ronald Guzman,2018,TEX,87.0
Evan Longoria,2018,SFG,86.0
Amed Rosario,2018,NYM,85.0
Christian Vazquez,2018,BOS,42.0
Mark Trumbo,2018,BAL,107.0
Mitch Garver,2018,MIN,104.0
Nick Williams,2018,PHI,102.0
Renato Nunez,2018,- - -,101.0
Adam Jones,2018,BAL,98.0
Pablo Sandoval,2018,SFG,97.0
Gorkys Hernandez,2018,SFG,83.0
Kole Calhoun,2018,LAA,77.0
Wilmer Difo,2018,WSN,71.0
Joe Panik,2018,SFG,75.0
Adam Duvall,2018,- - -,69.0
Dee Strange-Gordon,2018,SEA,75.0
Adeiny Hechavarria,2018,- - -,68.0
Jonathan Lucroy,2018,OAK,72.0
Trey Mancini,2018,BAL,93.0
Salvador Perez,2018,KCR,88.0
Yonder Alonso,2018,CLE,98.0
Evan Gattis,2018,HOU,99.0
John Hicks,2018,DET,93.0
Jake Bauers,2018,TBR,97.0
Miguel Sano,2018,MIN,83.0
Josh Harrison,2018,PIT,77.0
Jose Pirela,2018,SDP,78.0
Aaron Altherr,2018,PHI,74.0
Yairo Munoz,2018,STL,107.0
Melky Cabrera,2018,CLE,103.0
Tucker Barnhart,2018,CIN,88.0
Jon Jay,2018,- - -,86.0
Nicky Delmonico,2018,CHW,84.0
Orlando Arcia,2018,MIL,55.0
Brad Miller,2018,- - -,98.0
Danny Valencia,2018,BAL,94.0
Eric Hosmer,2018,SDP,95.0
Steven Souza Jr.,2018,ARI,84.0
Greg Bird,2018,NYY,82.0
Mikie Mahtook,2018,DET,70.0
Logan Forsythe,2018,- - -,71.0
Daniel Palka,2018,CHW,109.0
Lucas Duda,2018,- - -,96.0
Devin Mesoraco,2018,- - -,91.0
Jorge Bonifacio,2018,KCR,83.0
Tim Beckham,2018,BAL,80.0
Zack Cozart,2018,LAA,81.0
Yangervis Solarte,2018,TOR,76.0
Jose Reyes,2018,NYM,61.0
Ian Desmond,2018,COL,82.0
Rosell Herrera,2018,- - -,62.0
Gerardo Parra,2018,COL,81.0
Nick Hundley,2018,SFG,91.0
Caleb Joseph,2018,BAL,54.0
Albert Pujols,2018,LAA,88.0
Jay Bruce,2018,NYM,88.0
Eduardo Nunez,2018,BOS,78.0
Ryon Healy,2018,SEA,89.0
Neil Walker,2018,NYY,82.0
Austin Jackson,2018,- - -,73.0
James McCann,2018,DET,56.0
Logan Morrison,2018,MIN,75.0
Scott Kingery,2018,PHI,61.0
Chris Owings,2018,ARI,52.0
Luis Valbuena,2018,LAA,56.0
Hunter Dozier,2018,KCR,79.0
Alcides Escobar,2018,KCR,59.0
Devon Travis,2018,TOR,76.0
Lewis Brinson,2018,MIA,56.0
Victor Martinez,2018,DET,73.0
Dexter Fowler,2018,STL,63.0
Chris Davis,2018,BAL,46.0
Alex Bregman,2019,HOU,167.0
Cody Bellinger,2019,LAD,161.0
Mike Trout,2019,LAA,177.0
Anthony Rendon,2019,WSN,155.0
Christian Yelich,2019,MIL,174.0
Rafael Devers,2019,BOS,132.0
Marcus Semien,2019,OAK,138.0
Ketel Marte,2019,ARI,150.0
George Springer,2019,HOU,155.0
Nolan Arenado,2019,COL,130.0
Francisco Lindor,2019,CLE,118.0
Xander Bogaerts,2019,BOS,141.0
Trevor Story,2019,COL,122.0
J.T. Realmuto,2019,PHI,107.0
Mookie Betts,2019,BOS,135.0
DJ LeMahieu,2019,NYY,136.0
Yasmani Grandal,2019,MIL,121.0
Javier Baez,2019,CHC,112.0
Juan Soto,2019,WSN,143.0
Matt Chapman,2019,OAK,125.0
Yoan Moncada,2019,CHW,139.0
Josh Donaldson,2019,ATL,131.0
Jose Altuve,2019,HOU,137.0
Ronald Acuna Jr.,2019,ATL,125.0
Jeff McNeil,2019,NYM,144.0
Carlos Santana,2019,CLE,138.0
Pete Alonso,2019,NYM,144.0
Nelson Cruz,2019,MIN,164.0
Tim Anderson,2019,CHW,128.0
Freddie Freeman,2019,ATL,137.0
Kris Bryant,2019,CHC,134.0
Max Muncy,2019,LAD,133.0
Trea Turner,2019,WSN,118.0
Eugenio Suarez,2019,CIN,130.0
Austin Meadows,2019,TBR,144.0
Aaron Judge,2019,NYY,141.0
Ozzie Albies,2019,ATL,116.0
Michael Conforto,2019,NYM,127.0
J.D. Martinez,2019,BOS,139.0
Yuli Gurriel,2019,HOU,131.0
Michael Brantley,2019,HOU,132.0
Roberto Perez,2019,CLE,102.0
Mitch Garver,2019,MIN,155.0
Mark Canha,2019,OAK,146.0
Justin Turner,2019,LAD,131.0
Ramon Laureano,2019,OAK,127.0
Max Kepler,2019,MIN,122.0
Yordan Alvarez,2019,HOU,177.0
Carlos Correa,2019,HOU,142.0
Matt Olson,2019,OAK,135.0
Bryce Harper,2019,PHI,124.0
Bryan Reynolds,2019,PIT,130.0
Starling Marte,2019,PIT,118.0
Anthony Rizzo,2019,CHC,140.0
Tommy Edman,2019,STL,124.0
Corey Seager,2019,LAD,112.0
Victor Robles,2019,WSN,92.0
Jorge Soler,2019,KCR,136.0
Trey Mancini,2019,BAL,132.0
Jose Ramirez,2019,CLE,108.0
Gleyber Torres,2019,NYY,125.0
Brett Gardner,2019,NYY,115.0
Tommy Pham,2019,TBR,123.0
Christian Vazquez,2019,BOS,102.0
Jonathan Villar,2019,BAL,107.0
Paul DeJong,2019,STL,101.0
Nick Ahmed,2019,ARI,91.0
Jorge Polanco,2019,MIN,120.0
Whit Merrifield,2019,KCR,110.0
Kolten Wong,2019,STL,109.0
Willy Adames,2019,TBR,99.0
Hunter Dozier,2019,KCR,123.0
Josh Bell,2019,PIT,135.0
Gio Urshela,2019,NYY,132.0
Tom Murphy,2019,SEA,126.0
Byron Buxton,2019,MIN,112.0
Fernando Tatis Jr.,2019,SDP,151.0
Mike Tauchman,2019,NYY,128.0
Christian Walker,2019,ARI,111.0
Paul Goldschmidt,2019,STL,117.0
Eric Sogard,2019,- - -,115.0
Joey Gallo,2019,TEX,144.0
David Fletcher,2019,LAA,96.0
Howie Kendrick,2019,WSN,147.0
Joc Pederson,2019,LAD,126.0
Brian Anderson,2019,MIA,114.0
Niko Goodrum,2019,DET,95.0
Miguel Sano,2019,MIN,138.0
Mike Moustakas,2019,MIL,113.0
Eduardo Escobar,2019,ARI,108.0
J.D. Davis,2019,NYM,137.0
Cavan Biggio,2019,TOR,115.0
Adam Frazier,2019,PIT,97.0
Adalberto Mondesi,2019,KCR,81.0
Danny Santana,2019,TEX,111.0
Mike Yastrzemski,2019,SFG,120.0
Manny Machado,2019,SDP,109.0
Robinson Chirinos,2019,HOU,112.0
Starlin Castro,2019,MIA,91.0
Kevin Kiermaier,2019,TBR,79.0
Jordan Luplow,2019,CLE,141.0
Willson Contreras,2019,CHC,126.0
Kyle Seager,2019,SEA,111.0
Yasiel Puig,2019,- - -,100.0
Jason Heyward,2019,CHC,100.0
Edwin Encarnacion,2019,- - -,130.0
Nick Castellanos,2019,- - -,122.0
Eric Thames,2019,MIL,116.0
Carson Kelly,2019,ARI,107.0
Keston Hiura,2019,MIL,139.0
Rhys Hoskins,2019,PHI,112.0
Alex Verdugo,2019,LAD,112.0
Kevin Newman,2019,PIT,109.0
Oscar Mercado,2019,CLE,98.0
Freddy Galvis,2019,- - -,89.0
Charlie Blackmon,2019,COL,127.0
Kyle Schwarber,2019,CHC,119.0
Gary Sanchez,2019,NYY,116.0
Marcell Ozuna,2019,STL,110.0
Chris Taylor,2019,LAD,106.0
Kole Calhoun,2019,LAA,105.0
Scott Kingery,2019,PHI,100.0
Jonathan Schoop,2019,MIN,101.0
Hanser Alberto,2019,BAL,95.0
Buster Posey,2019,SFG,84.0
Andrelton Simmons,2019,LAA,78.0
Ryan Braun,2019,MIL,117.0
Adam Eaton,2019,WSN,108.0
Evan Longoria,2019,SFG,100.0
Jackie Bradley Jr.,2019,BOS,89.0
Elvis Andrus,2019,TEX,76.0
Brandon Lowe,2019,TBR,127.0
Jose Abreu,2019,CHW,115.0
Avisail Garcia,2019,TBR,113.0
James McCann,2019,CHW,108.0
Asdrubal Cabrera,2019,- - -,98.0
Amed Rosario,2019,NYM,101.0
Dansby Swanson,2019,ATL,91.0
Yadier Molina,2019,STL,88.0
Lourdes Gurriel Jr.,2019,TOR,125.0
Luis Arraez,2019,MIN,126.0
Tommy La Stella,2019,LAA,119.0
Brian Goodwin,2019,LAA,106.0
Hunter Renfroe,2019,SDP,99.0
Todd Frazier,2019,NYM,107.0
Jose Iglesias,2019,CIN,82.0
Danny Jansen,2019,TOR,69.0
David Dahl,2019,COL,111.0
David Bote,2019,CHC,105.0
Victor Reyes,2019,DET,101.0
Cesar Hernandez,2019,PHI,91.0
Matt Carpenter,2019,STL,96.0
Cameron Maybin,2019,NYY,128.0
Shohei Ohtani,2019,LAA,120.0
David Peralta,2019,ARI,106.0
Brian Dozier,2019,WSN,100.0
Jon Berti,2019,MIA,104.0
Jean Segura,2019,PHI,91.0
Manuel Margot,2019,SDP,84.0
Hunter Pence,2019,TEX,128.0
Wilmer Flores,2019,ARI,120.0
Ji-Man Choi,2019,TBR,122.0
Yandy Diaz,2019,TBR,118.0
Travis d'Arnaud,2019,- - -,100.0
Marwin Gonzalez,2019,MIN,94.0
Harrison Bader,2019,STL,82.0
Luke Voit,2019,NYY,126.0
Shin-Soo Choo,2019,TEX,112.0
Tyler Naquin,2019,CLE,105.0
Garrett Cooper,2019,MIA,111.0
Andrew Benintendi,2019,BOS,100.0
Tyler Flowers,2019,ATL,87.0
Lorenzo Cain,2019,MIL,83.0
Mallex Smith,2019,SEA,74.0
Austin Hedges,2019,SDP,48.0
Corey Dickerson,2019,- - -,126.0
Brandon Nimmo,2019,NYM,115.0
Teoscar Hernandez,2019,TOR,103.0
Miguel Rojas,2019,MIA,90.0
Leury Garcia,2019,CHW,82.0
Omar Narvaez,2019,SEA,120.0
Eddie Rosario,2019,MIN,104.0
Victor Caratini,2019,CHC,106.0
C.J. Cron,2019,MIN,101.0
Mitch Haniger,2019,SEA,107.0
Brock Holt,2019,BOS,103.0
Wilson Ramos,2019,NYM,106.0
Andrew McCutchen,2019,PHI,120.0
Eloy Jimenez,2019,CHW,115.0
Franmil Reyes,2019,- - -,111.0
Austin Nola,2019,SEA,114.0
Jason Castro,2019,MIN,103.0
Randal Grichuk,2019,TOR,90.0
Jorge Alfaro,2019,MIA,95.0
Robinson Cano,2019,NYM,94.0
J.P. Crawford,2019,SEA,87.0
Pablo Sandoval,2019,SFG,110.0
Daniel Vogelbach,2019,SEA,112.0
Jordy Mercer,2019,DET,94.0
JaCoby Jones,2019,DET,92.0
Greg Garcia,2019,SDP,98.0
Jurickson Profar,2019,OAK,90.0
Tucker Barnhart,2019,CIN,78.0
Jake Marisnick,2019,HOU,85.0
Mitch Moreland,2019,BOS,112.0
Phillip Ervin,2019,CIN,100.0
Michael Chavis,2019,BOS,96.0
Brian McCann,2019,ATL,88.0
Yan Gomes,2019,WSN,80.0
Dylan Moore,2019,SEA,88.0
Jesse Winker,2019,CIN,111.0
Stephen Vogt,2019,SFG,106.0
Nomar Mazara,2019,TEX,94.0
Ryan McMahon,2019,COL,89.0
Joey Votto,2019,CIN,98.0
Nick Senzel,2019,CIN,87.0
Wil Myers,2019,SDP,97.0
Rougned Odor,2019,TEX,77.0
Enrique Hernandez,2019,LAD,86.0
Tim Locastro,2019,ARI,90.0
Robbie Grossman,2019,OAK,88.0
Delino DeShields,2019,TEX,72.0
Martin Maldonado,2019,- - -,76.0
Alex Gordon,2019,KCR,95.0
Neil Walker,2019,MIA,99.0
Josh Reddick,2019,HOU,92.0
Stephen Piscotty,2019,OAK,93.0
Dee Strange-Gordon,2019,SEA,77.0
Brandon Crawford,2019,SFG,73.0
Jarrod Dyson,2019,ARI,68.0
A.J. Pollock,2019,LAD,107.0
Derek Dietrich,2019,CIN,100.0
Jay Bruce,2019,- - -,98.0
Nick Markakis,2019,ATL,101.0
Anthony Santander,2019,BAL,97.0
Kevin Pillar,2019,- - -,84.0
Luis Rengifo,2019,LAA,83.0
Mike Zunino,2019,TBR,46.0
Kurt Suzuki,2019,WSN,105.0
Matt Beaty,2019,LAD,101.0
Aaron Hicks,2019,NYY,103.0
Dexter Fowler,2019,STL,103.0
Justin Smoak,2019,TOR,102.0
Brandon Belt,2019,SFG,98.0
Ben Gamel,2019,MIL,87.0
Joey Wendle,2019,TBR,73.0
Colin Moran,2019,PIT,93.0
Jason Kipnis,2019,CLE,86.0
Chad Pinder,2019,OAK,87.0
Tony Kemp,2019,- - -,76.0
Joe Panik,2019,- - -,76.0
Vladimir Guerrero Jr.,2019,TOR,106.0
Brandon Dixon,2019,DET,87.0
Yolmer Sanchez,2019,CHW,73.0
Greg Allen,2019,CLE,67.0
Willie Calhoun,2019,TEX,110.0
Jeimer Candelario,2019,DET,73.0
Renato Nunez,2019,BAL,99.0
Domingo Santana,2019,SEA,107.0
Tim Beckham,2019,SEA,99.0
Pedro Severino,2019,BAL,94.0
Josh VanMeter,2019,CIN,88.0
Josh Phegley,2019,OAK,83.0
Ian Kinsler,2019,SDP,71.0
Jose Martinez,2019,STL,102.0
Austin Riley,2019,ATL,85.0
Harold Ramirez,2019,MIA,92.0
Ronny Rodriguez,2019,DET,73.0
Jesus Aguilar,2019,- - -,89.0
Harold Castro,2019,DET,79.0
Brandon Drury,2019,TOR,66.0
Juan Lagares,2019,NYM,61.0
Ian Desmond,2019,COL,88.0
Jose Osuna,2019,PIT,96.0
Matt Adams,2019,WSN,85.0
Raimel Tapia,2019,COL,74.0
Garrett Hampson,2019,COL,64.0
Gerardo Parra,2019,- - -,74.0
Rio Ruiz,2019,BAL,79.0
Dawel Lugo,2019,DET,66.0
Miguel Cabrera,2019,DET,97.0
Albert Pujols,2019,LAA,90.0
Justin Upton,2019,LAA,89.0
Josh Naylor,2019,SDP,90.0
Melky Cabrera,2019,PIT,84.0
Tony Wolters,2019,COL,63.0
Jonathan Lucroy,2019,- - -,74.0
Jose Peraza,2019,CIN,59.0
Nicky Lopez,2019,KCR,56.0
Billy Hamilton,2019,- - -,49.0
Rowdy Tellez,2019,TOR,91.0
Adam Jones,2019,ARI,87.0
Billy McKinney,2019,TOR,80.0
Leonys Martin,2019,CLE,64.0
Didi Gregorius,2019,NYY,84.0
Richie Martin,2019,BAL,50.0
Dwight Smith Jr.,2019,BAL,83.0
Maikel Franco,2019,PHI,69.0
Logan Forsythe,2019,TEX,75.0
Albert Almora Jr.,2019,CHC,62.0
Steven Duggar,2019,SFG,63.0
Tyler White,2019,- - -,70.0
Daniel Murphy,2019,COL,88.0
Ronald Guzman,2019,TEX,80.0
Christin Stewart,2019,DET,80.0
Jake Bauers,2019,CLE,82.0
Cheslor Cuthbert,2019,KCR,74.0
Stevie Wilkerson,2019,BAL,73.0
Eric Hosmer,2019,SDP,92.0
Orlando Arcia,2019,MIL,61.0
Welington Castillo,2019,CHW,77.0
Khris Davis,2019,OAK,81.0
Ryan O'Hearn,2019,KCR,68.0
Curtis Granderson,2019,MIA,70.0
Yonder Alonso,2019,- - -,66.0
John Hicks,2019,DET,57.0
Chris Davis,2019,BAL,58.0
Martin Prado,2019,MIA,49.0
Travis Shaw,2019,MIL,47.0
Elias Diaz,2019,PIT,61.0
Fernando Tatis Jr.,2020,SDP,151.0
Jose Ramirez,2020,CLE,167.0
Freddie Freeman,2020,ATL,186.0
Jose Abreu,2020,CHW,164.0
Trea Turner,2020,WSN,159.0
Manny Machado,2020,SDP,150.0
Marcell Ozuna,2020,ATL,178.0
Trent Grisham,2020,SDP,122.0
Dansby Swanson,2020,ATL,115.0
Trevor Story,2020,COL,117.0
Cesar Hernandez,2020,CLE,112.0
Francisco Lindor,2020,CLE,105.0
Whit Merrifield,2020,KCR,105.0
Cavan Biggio,2020,TOR,122.0
Starling Marte,2020,- - -,108.0
Carlos Santana,2020,CLE,99.0
Trea Turner,2021,- - -,143.0
Juan Soto,2021,WSN,164.0
Fernando Tatis Jr.,2021,SDP,158.0
Bryce Harper,2021,PHI,170.0
Jose Ramirez,2021,CLE,140.0
Vladimir Guerrero Jr.,2021,TOR,166.0
Bryan Reynolds,2021,PIT,140.0
Carlos Correa,2021,HOU,133.0
Brandon Crawford,2021,SFG,140.0
Cedric Mullins,2021,BAL,136.0
Marcus Semien,2021,TOR,131.0
Aaron Judge,2021,NYY,150.0
Nicky Lopez,2021,KCR,104.0
Tyler O'Neill,2021,STL,143.0
Buster Posey,2021,SFG,141.0
Starling Marte,2021,- - -,132.0
Jose Altuve,2021,HOU,128.0
Austin Riley,2021,ATL,136.0
Shohei Ohtani,2021,LAA,150.0
Matt Olson,2021,OAK,147.0
Kyle Tucker,2021,HOU,146.0
Bo Bichette,2021,TOR,122.0
Paul Goldschmidt,2021,STL,136.0
Freddie Freeman,2021,ATL,136.0
Will Smith,2021,LAD,130.0
J.T. Realmuto,2021,PHI,109.0
Max Muncy,2021,LAD,139.0
Brandon Lowe,2021,TBR,136.0
Manny Machado,2021,SDP,123.0
Ronald Acuna Jr.,2021,ATL,157.0
Joey Gallo,2021,- - -,123.0
Nolan Arenado,2021,STL,112.0
Tim Anderson,2021,CHW,118.0
Rafael Devers,2021,BOS,133.0
Byron Buxton,2021,MIN,171.0
Xander Bogaerts,2021,BOS,129.0
Mike Zunino,2021,TBR,133.0
Javier Baez,2021,- - -,117.0
Teoscar Hernandez,2021,TOR,132.0
Justin Turner,2021,LAD,126.0
Jorge Polanco,2021,MIN,124.0
Mookie Betts,2021,LAD,131.0
Randy Arozarena,2021,TBR,127.0
Jeimer Candelario,2021,DET,119.0
Francisco Lindor,2021,NYM,101.0
Corey Seager,2021,LAD,146.0
Nick Castellanos,2021,CIN,140.0
Jake Cronenworth,2021,SDP,117.0
Ozzie Albies,2021,ATL,108.0
Yoan Moncada,2021,CHW,120.0
Matt Chapman,2021,OAK,101.0
Brandon Belt,2021,SFG,159.0
Yasmani Grandal,2021,CHW,157.0
Enrique Hernandez,2021,BOS,109.0
Joey Votto,2021,CIN,140.0
Yordan Alvarez,2021,HOU,137.0
Pete Alonso,2021,NYM,131.0
Jean Segura,2021,PHI,110.0
Luis Robert Jr.,2021,CHW,155.0
Jonathan India,2021,CIN,122.0
Josh Donaldson,2021,MIN,126.0
Yuli Gurriel,2021,HOU,133.0
Adam Frazier,2021,- - -,113.0
Dansby Swanson,2021,ATL,99.0
Sean Murphy,2021,OAK,100.0
Jesse Winker,2021,CIN,148.0
A.J. Pollock,2021,LAD,137.0
Brandon Nimmo,2021,NYM,135.0
Ty France,2021,SEA,129.0
Kris Bryant,2021,- - -,124.0
Willy Adames,2021,- - -,120.0
Joey Wendle,2021,TBR,105.0
J.P. Crawford,2021,SEA,103.0
Jacob Stallings,2021,PIT,92.0
Myles Straw,2021,- - -,98.0
Giancarlo Stanton,2021,NYY,138.0
Tony Kemp,2021,OAK,128.0
Tommy Edman,2021,STL,89.0
Darin Ruf,2021,SFG,144.0
Harrison Bader,2021,STL,108.0
Max Stassi,2021,LAA,105.0
Mark Canha,2021,OAK,116.0
Jose Abreu,2021,CHW,125.0
Chris Taylor,2021,LAD,113.0
Omar Narvaez,2021,MIL,100.0
Adolis Garcia,2021,TEX,99.0
Amed Rosario,2021,CLE,102.0
Kevin Kiermaier,2021,TBR,101.0
Kyle Schwarber,2021,- - -,145.0
J.D. Martinez,2021,BOS,126.0
Salvador Perez,2021,KCR,125.0
Willson Contreras,2021,CHC,111.0
George Springer,2021,TOR,140.0
Hunter Renfroe,2021,BOS,113.0
Kolten Wong,2021,MIL,109.0
Robbie Grossman,2021,DET,114.0
Trent Grisham,2021,SDP,104.0
Whit Merrifield,2021,KCR,89.0
Eduardo Escobar,2021,- - -,108.0
Ryan McMahon,2021,COL,93.0
Ketel Marte,2021,ARI,141.0
Jared Walsh,2021,LAA,126.0
Wander Franco,2021,TBR,126.0
Dylan Carlson,2021,STL,111.0
C.J. Cron,2021,COL,125.0
Patrick Wisdom,2021,CHC,117.0
Avisail Garcia,2021,MIL,115.0
Luis Urias,2021,MIL,112.0
Adam Duvall,2021,- - -,101.0
Josh Harrison,2021,- - -,104.0
Kyle Seager,2021,SEA,98.0
Josh Bell,2021,WSN,119.0
Trevor Story,2021,COL,98.0
Anthony Rizzo,2021,- - -,114.0
Wil Myers,2021,SDP,111.0
Jonathan Schoop,2021,DET,105.0
Brett Phillips,2021,TBR,102.0
Yan Gomes,2021,- - -,94.0
Max Kepler,2021,MIN,97.0
Mitch Haniger,2021,SEA,120.0
Michael Brantley,2021,HOU,121.0
Alex Bregman,2021,HOU,114.0
Mike Yastrzemski,2021,SFG,106.0
Chas McCormick,2021,HOU,108.0
Kyle Farmer,2021,CIN,91.0
DJ LeMahieu,2021,NYY,101.0
Manuel Margot,2021,TBR,94.0
Frank Schwindel,2021,- - -,154.0
Evan Longoria,2021,SFG,123.0
Nathaniel Lowe,2021,TEX,114.0
Jonathan Villar,2021,NYM,103.0
Edmundo Sosa,2021,STL,102.0
Rhys Hoskins,2021,PHI,127.0
Nelson Cruz,2021,- - -,123.0
LaMonte Wade Jr.,2021,SFG,118.0
Wilmer Flores,2021,SFG,114.0
Alex Verdugo,2021,BOS,106.0
Steven Duggar,2021,SFG,107.0
Miguel Rojas,2021,MIA,93.0
Ke'Bryan Hayes,2021,PIT,85.0
Michael A. Taylor,2021,KCR,75.0
Tyler Stephenson,2021,CIN,111.0
Austin Hays,2021,BAL,106.0
Ramon Laureano,2021,OAK,112.0
Daulton Varsho,2021,ARI,100.0
Josh Rojas,2021,ARI,103.0
Jazz Chisholm Jr.,2021,MIA,94.0
Jose Iglesias,2021,- - -,89.0
Franmil Reyes,2021,CLE,128.0
Lourdes Gurriel Jr.,2021,TOR,107.0
Elias Diaz,2021,COL,91.0
Akil Baddoo,2021,DET,108.0
Carson Kelly,2021,ARI,104.0
Yandy Diaz,2021,TBR,110.0
Rafael Ortega,2021,CHC,122.0
Luis Arraez,2021,MIN,105.0
Isiah Kiner-Falefa,2021,TEX,84.0
Elvis Andrus,2021,OAK,73.0
Andrew McCutchen,2021,PHI,108.0
Austin Meadows,2021,TBR,112.0
Ian Happ,2021,CHC,105.0
Austin Slater,2021,SFG,103.0
Michael Conforto,2021,NYM,104.0
Lorenzo Cain,2021,MIL,98.0
David Peralta,2021,ARI,95.0
Aledmys Diaz,2021,HOU,97.0
Leury Garcia,2021,CHW,96.0
Cesar Hernandez,2021,- - -,91.0
Tucker Barnhart,2021,CIN,81.0
Yadier Molina,2021,STL,81.0
Nick Ahmed,2021,ARI,66.0
Tyler Naquin,2021,CIN,110.0
Andrew Benintendi,2021,KCR,104.0
Donovan Solano,2021,SFG,105.0
Alcides Escobar,2021,WSN,102.0
Christian Yelich,2021,MIL,102.0
Odubel Herrera,2021,PHI,93.0
Gleyber Torres,2021,NYY,96.0
Bradley Zimmer,2021,CLE,91.0
Jesus Aguilar,2021,MIA,107.0
Tyrone Taylor,2021,MIL,107.0
Paul DeJong,2021,STL,84.0
Rougned Odor,2021,NYY,84.0
Brendan Rodgers,2021,COL,98.0
Matt Duffy,2021,CHC,104.0
Francisco Mejia,2021,TBR,107.0
Gio Urshela,2021,NYY,97.0
Nick Solak,2021,TEX,88.0
Ryan Jeffers,2021,MIN,83.0
Ramon Urias,2021,BAL,115.0
Ji-Man Choi,2021,TBR,117.0
Andy Ibanez,2021,TEX,106.0
Seth Brown,2021,OAK,104.0
Gary Sanchez,2021,NYY,101.0
Tommy Pham,2021,SDP,103.0
Jake Fraley,2021,SEA,109.0
Jeff McNeil,2021,NYM,91.0
Dylan Moore,2021,SEA,74.0
Jesus Sanchez,2021,MIA,111.0
Eric Haase,2021,DET,100.0
Brian Anderson,2021,MIA,95.0
Freddy Galvis,2021,- - -,90.0
Gavin Lux,2021,LAD,90.0
Brett Gardner,2021,NYY,95.0
Charlie Culberson,2021,TEX,84.0
Christian Vazquez,2021,BOS,76.0
Niko Goodrum,2021,DET,79.0
Jose Trevino,2021,TEX,63.0
Miguel Sano,2021,MIN,112.0
Trey Mancini,2021,BAL,105.0
Lane Thomas,2021,- - -,104.0
Eddie Rosario,2021,- - -,100.0
Eric Hosmer,2021,SDP,104.0
Jed Lowrie,2021,OAK,101.0
Sergio Alcantara,2021,CHC,73.0
Andrelton Simmons,2021,MIN,58.0
Garrett Cooper,2021,MIA,129.0
Ryan Mountcastle,2021,BAL,111.0
Corey Dickerson,2021,- - -,97.0
Jace Peterson,2021,MIL,98.0
Starlin Castro,2021,WSN,91.0
Yu Chang,2021,CLE,87.0
David Fletcher,2021,LAA,69.0
Brad Miller,2021,PHI,106.0
Pavin Smith,2021,ARI,98.0
Guillermo Heredia,2021,ATL,79.0
Jonah Heim,2021,TEX,59.0
Randal Grichuk,2021,TOR,85.0
Kevin Pillar,2021,NYM,88.0
Brandon Marsh,2021,LAA,85.0
Jack Mayfield,2021,- - -,78.0
Tom Murphy,2021,SEA,87.0
Bobby Dalbec,2021,BOS,106.0
Raimel Tapia,2021,COL,75.0
Ryan Zimmerman,2021,WSN,98.0
Josh Naylor,2021,CLE,93.0
Hanser Alberto,2021,KCR,83.0
Dom Nunez,2021,COL,68.0
Abraham Toro,2021,- - -,94.0
Ronald Torreyes,2021,PHI,69.0
Ha-seong Kim,2021,SDP,71.0
Bobby Bradley,2021,CLE,101.0
Joc Pederson,2021,- - -,96.0
Christian Walker,2021,ARI,88.0
Yonathan Daza,2021,COL,74.0
James McCann,2021,NYM,78.0
Martin Maldonado,2021,HOU,61.0
Austin Hedges,2021,CLE,42.0
Yadiel Hernandez,2021,WSN,99.0
Luis Torrens,2021,SEA,101.0
Alex Dickerson,2021,SFG,98.0
Justin Upton,2021,LAA,91.0
Trevor Larnach,2021,MIN,91.0
Garrett Hampson,2021,COL,64.0
Jon Berti,2021,MIA,74.0
Yermin Mercedes,2021,CHW,100.0
Albert Pujols,2021,- - -,89.0
D.J. Stewart,2021,BAL,94.0
Jason Heyward,2021,CHC,70.0
Jorge Alfaro,2021,MIA,68.0
Willi Castro,2021,DET,69.0
Jorge Soler,2021,- - -,100.0
Daniel Vogelbach,2021,MIL,102.0
Eugenio Suarez,2021,CIN,85.0
Brian Goodwin,2021,CHW,92.0
Alec Bohm,2021,PHI,76.0
Billy McKinney,2021,- - -,73.0
Victor Caratini,2021,SDP,74.0
Kelvin Gutierrez,2021,- - -,66.0
Charlie Blackmon,2021,COL,93.0
Ben Gamel,2021,- - -,99.0
Mitch Moreland,2021,OAK,94.0
Asdrubal Cabrera,2021,- - -,83.0
Phil Gosselin,2021,LAA,85.0
Colin Moran,2021,PIT,96.0
Anthony Santander,2021,BAL,92.0
Harold Ramirez,2021,CLE,93.0
Yoshi Tsutsugo,2021,- - -,88.0
Josh VanMeter,2021,ARI,77.0
Brock Holt,2021,TEX,61.0
Rowdy Tellez,2021,- - -,89.0
Andrew Vaughn,2021,CHW,93.0
Cavan Biggio,2021,TOR,84.0
Jurickson Profar,2021,SDP,87.0
Lewis Brinson,2021,MIA,69.0
David Bote,2021,CHC,66.0
Victor Robles,2021,WSN,69.0
Jake Bauers,2021,- - -,63.0
Juan Lagares,2021,LAA,70.0
Kevin Newman,2021,PIT,52.0
Miguel Cabrera,2021,DET,92.0
Willie Calhoun,2021,TEX,90.0
Harold Castro,2021,DET,83.0
Travis Shaw,2021,- - -,78.0
Jarred Kelenic,2021,SEA,73.0
Ryan O'Hearn,2021,KCR,68.0
Maikel Franco,2021,BAL,62.0
Adam Eaton,2021,- - -,68.0
Marwin Gonzalez,2021,- - -,57.0
Pedro Severino,2021,BAL,87.0
Carlos Santana,2021,KCR,81.0
Pat Valaika,2021,BAL,46.0
Hunter Dozier,2021,KCR,80.0
Dominic Smith,2021,NYM,84.0
Didi Gregorius,2021,PHI,69.0
Gregory Polanco,2021,PIT,69.0
Joshua Fuentes,2021,COL,46.0
Cody Bellinger,2021,LAD,47.0
Isan Diaz,2021,MIA,55.0
Joe Panik,2021,- - -,49.0
Jackie Bradley Jr.,2021,MIL,36.0
Aaron Judge,2022,NYY,206.0
Nolan Arenado,2022,STL,149.0
Manny Machado,2022,SDP,152.0
Jose Altuve,2022,HOU,164.0
Paul Goldschmidt,2022,STL,175.0
Freddie Freeman,2022,LAD,157.0
J.T. Realmuto,2022,PHI,129.0
Dansby Swanson,2022,ATL,117.0
Yordan Alvarez,2022,HOU,185.0
Trea Turner,2022,LAD,128.0
Francisco Lindor,2022,NYM,124.0
Andres Gimenez,2022,CLE,141.0
Mike Trout,2022,LAA,176.0
Mookie Betts,2022,LAD,144.0
Jose Ramirez,2022,CLE,140.0
Xander Bogaerts,2022,BOS,133.0
Austin Riley,2022,ATL,144.0
Julio Rodriguez,2022,SEA,148.0
Adley Rutschman,2022,BAL,133.0
Jeff McNeil,2022,NYM,140.0
Brandon Nimmo,2022,NYM,132.0
Alex Bregman,2022,HOU,137.0
Tommy Edman,2022,STL,106.0
Sean Murphy,2022,OAK,121.0
Rafael Devers,2022,BOS,140.0
Kyle Tucker,2022,HOU,130.0
Bo Bichette,2022,TOR,129.0
Michael Harris II,2022,ATL,137.0
Steven Kwan,2022,CLE,125.0
Carlos Correa,2022,MIN,139.0
Willy Adames,2022,MIL,109.0
Marcus Semien,2022,TEX,107.0
Will Smith,2022,LAD,127.0
Eugenio Suarez,2022,SEA,132.0
Alejandro Kirk,2022,TOR,129.0
Corey Seager,2022,TEX,117.0
Daulton Varsho,2022,ARI,106.0
Nico Hoerner,2022,CHC,108.0
Cal Raleigh,2022,SEA,122.0
George Springer,2022,TOR,133.0
Yandy Diaz,2022,TBR,145.0
Christian Walker,2022,ARI,122.0
Travis d'Arnaud,2022,ATL,121.0
Matt Chapman,2022,TOR,118.0
Pete Alonso,2022,NYM,141.0
Jose Abreu,2022,CHW,137.0
Jose Trevino,2022,NYY,90.0
Juan Soto,2022,- - -,146.0
Taylor Ward,2022,LAA,136.0
Ian Happ,2022,CHC,122.0
Cedric Mullins,2022,BAL,106.0
Shohei Ohtani,2022,LAA,142.0
Jake Cronenworth,2022,SDP,109.0
Ha-seong Kim,2022,SDP,105.0
Willson Contreras,2022,CHC,134.0
Starling Marte,2022,NYM,133.0
Byron Buxton,2022,MIN,135.0
Elvis Andrus,2022,- - -,104.0
Vladimir Guerrero Jr.,2022,TOR,132.0
Jeremy Pena,2022,HOU,102.0
Adolis Garcia,2022,TEX,112.0
Nathaniel Lowe,2022,TEX,143.0
Brandon Drury,2022,- - -,123.0
Matt Olson,2022,ATL,121.0
Ryan McMahon,2022,COL,97.0
DJ LeMahieu,2022,NYY,115.0
Amed Rosario,2022,CLE,104.0
Ke'Bryan Hayes,2022,PIT,86.0
Teoscar Hernandez,2022,TOR,130.0
Bryan Reynolds,2022,PIT,123.0
Thairo Estrada,2022,SFG,106.0
Luis Arraez,2022,MIN,130.0
Randy Arozarena,2022,TBR,124.0
Gleyber Torres,2022,NYY,114.0
Gavin Lux,2022,LAD,113.0
Jonah Heim,2022,TEX,99.0
Jorge Mateo,2022,BAL,82.0
Bryce Harper,2022,PHI,139.0
Lars Nootbaar,2022,STL,123.0
Ty France,2022,SEA,127.0
Brendan Donovan,2022,STL,127.0
Gio Urshela,2022,MIN,118.0
Ramon Urias,2022,BAL,105.0
Anthony Rizzo,2022,NYY,131.0
Mark Canha,2022,NYM,126.0
Josh Rojas,2022,ARI,109.0
Trevor Story,2022,BOS,100.0
Jurickson Profar,2022,SDP,110.0
Joc Pederson,2022,SFG,144.0
Hunter Renfroe,2022,MIL,124.0
Rhys Hoskins,2022,PHI,123.0
Ronald Acuna Jr.,2022,ATL,115.0
Isaac Paredes,2022,TBR,115.0
Luis Urias,2022,MIL,110.0
Chas McCormick,2022,HOU,115.0
Santiago Espinal,2022,TOR,100.0
Trayce Thompson,2022,- - -,142.0
Justin Turner,2022,LAD,123.0
Anthony Santander,2022,BAL,121.0
Kolten Wong,2022,MIL,117.0
Wander Franco,2022,TBR,115.0
Bobby Witt Jr.,2022,KCR,98.0
Kyle Schwarber,2022,PHI,129.0
Jake McCarthy,2022,ARI,116.0
Christian Yelich,2022,MIL,111.0
Tim Anderson,2022,CHW,110.0
J.P. Crawford,2022,SEA,105.0
Jon Berti,2022,MIA,88.0
Josh Bell,2022,- - -,124.0
Austin Slater,2022,SFG,124.0
Luis Robert Jr.,2022,CHW,111.0
Tyrone Taylor,2022,MIL,102.0
Jean Segura,2022,PHI,105.0
Jace Peterson,2022,MIL,96.0
Albert Pujols,2022,STL,148.0
William Contreras,2022,ATL,139.0
Andrew Benintendi,2022,- - -,121.0
Seiya Suzuki,2022,CHC,118.0
Dylan Moore,2022,SEA,127.0
Max Muncy,2022,LAD,106.0
Javier Baez,2022,DET,89.0
Brandon Crawford,2022,SFG,87.0
Josh Naylor,2022,CLE,118.0
Eduardo Escobar,2022,NYM,104.0
Christian Vazquez,2022,- - -,99.0
Dylan Carlson,2022,STL,98.0
Brendan Rodgers,2022,COL,94.0
Ketel Marte,2022,ARI,102.0
Luis Guillorme,2022,NYM,104.0
Michael A. Taylor,2022,KCR,88.0
Jose Siri,2022,- - -,75.0
Eloy Jimenez,2022,CHW,143.0
Jorge Polanco,2022,MIN,118.0
Nick Gordon,2022,MIN,110.0
Christopher Morel,2022,CHC,110.0
David Peralta,2022,- - -,104.0
Ryan Mountcastle,2022,BAL,107.0
Luis Rengifo,2022,LAA,102.0
Austin Hays,2022,BAL,105.0
Christian Bethancourt,2022,- - -,99.0
Chris Taylor,2022,LAD,93.0
Trent Grisham,2022,SDP,83.0
Josh Donaldson,2022,NYY,96.0
Max Kepler,2022,MIN,94.0
J.D. Martinez,2022,BOS,119.0
Seth Brown,2022,OAK,115.0
Lourdes Gurriel Jr.,2022,TOR,115.0
Kyle Farmer,2022,CIN,92.0
Tyler O'Neill,2022,STL,99.0
Mike Yastrzemski,2022,SFG,99.0
Josh Harrison,2022,CHW,97.0
Keibert Ruiz,2022,WSN,92.0
Cody Bellinger,2022,LAD,83.0
Victor Caratini,2022,MIL,84.0
Isiah Kiner-Falefa,2022,NYY,84.0
Myles Straw,2022,CLE,65.0
Vinnie Pasquantino,2022,KCR,136.0
Daniel Vogelbach,2022,- - -,126.0
Oscar Gonzalez,2022,CLE,123.0
Evan Longoria,2022,SFG,115.0
Jose Miranda,2022,MIN,116.0
Oneil Cruz,2022,PIT,104.0
Alec Bohm,2022,PHI,98.0
Lane Thomas,2022,WSN,98.0
Brandon Marsh,2022,- - -,90.0
Reese McGuire,2022,- - -,89.0
Gary Sanchez,2022,MIN,88.0
Harrison Bader,2022,- - -,84.0
Tony Kemp,2022,OAK,90.0
Tomas Nido,2022,NYM,72.0
C.J. Cron,2022,COL,103.0
Harold Ramirez,2022,TBR,118.0
Wilmer Flores,2022,SFG,103.0
Jose Iglesias,2022,COL,87.0
Manuel Margot,2022,TBR,104.0
Whit Merrifield,2022,- - -,87.0
Cavan Biggio,2022,TOR,97.0
Bryson Stott,2022,PHI,84.0
Adam Frazier,2022,SEA,82.0
Omar Narvaez,2022,MIL,71.0
Jonathan Schoop,2022,DET,57.0
J.D. Davis,2022,- - -,118.0
Garrett Cooper,2022,MIA,110.0
Eric Haase,2022,DET,111.0
Patrick Wisdom,2022,CHC,106.0
Wil Myers,2022,SDP,103.0
Jack Suwinski,2022,PIT,97.0
Emmanuel Rivera,2022,- - -,95.0
Kevin Newman,2022,PIT,92.0
Leody Taveras,2022,TEX,93.0
Michael Brantley,2022,HOU,128.0
Giancarlo Stanton,2022,NYY,113.0
Alex Verdugo,2022,BOS,102.0
Ozzie Albies,2022,ATL,94.0
Joey Wendle,2022,MIA,82.0
Miguel Rojas,2022,MIA,68.0
Rowdy Tellez,2022,MIL,110.0
Ji-Man Choi,2022,TBR,114.0
Riley Greene,2022,DET,98.0
Yonathan Daza,2022,COL,95.0
Rodolfo Castro,2022,PIT,100.0
Trey Mancini,2022,- - -,104.0
Carlos Santana,2022,- - -,102.0
Aaron Hicks,2022,NYY,89.0
Yan Gomes,2022,CHC,75.0
Nicky Lopez,2022,KCR,55.0
Salvador Perez,2022,KCR,107.0
Aledmys Diaz,2022,HOU,97.0
Jesse Winker,2022,SEA,110.0
Adam Duvall,2022,ATL,88.0
Willi Castro,2022,DET,85.0
Yoan Moncada,2022,CHW,76.0
Alek Thomas,2022,ARI,71.0
Martin Maldonado,2022,HOU,71.0
Keston Hiura,2022,MIL,115.0
TJ Friedl,2022,CIN,102.0
Rafael Ortega,2022,CHC,98.0
Tommy Pham,2022,- - -,90.0
Owen Miller,2022,CLE,86.0
Eric Hosmer,2022,- - -,104.0
Andrew McCutchen,2022,MIL,98.0
Corey Dickerson,2022,STL,96.0
Brandon Lowe,2022,TBR,103.0
A.J. Pollock,2022,CHW,92.0
Ramon Laureano,2022,OAK,94.0
Carson Kelly,2022,ARI,73.0
Bryan De La Cruz,2022,MIA,99.0
Donovan Solano,2022,CIN,99.0
Randal Grichuk,2022,COL,89.0
Tyler Naquin,2022,- - -,92.0
Luis Gonzalez,2022,SFG,95.0
Jesus Sanchez,2022,MIA,88.0
Raimel Tapia,2022,TOR,91.0
Cesar Hernandez,2022,WSN,81.0
Kyle Isbel,2022,KCR,66.0
Nick Allen,2022,OAK,59.0
Luke Voit,2022,- - -,103.0
Jorge Soler,2022,MIA,93.0
Jorge Alfaro,2022,SDP,90.0
Joey Bart,2022,SFG,90.0
Matt Reynolds,2022,- - -,81.0
Victor Robles,2022,WSN,65.0
Christian Arroyo,2022,BOS,102.0
Connor Joe,2022,COL,89.0
Francisco Mejia,2022,TBR,84.0
Enrique Hernandez,2022,BOS,74.0
Gilberto Celestino,2022,MIN,81.0
Tucker Barnhart,2022,DET,63.0
Geraldo Perdomo,2022,ARI,59.0
Charlie Blackmon,2022,COL,91.0
Yadiel Hernandez,2022,WSN,103.0
Gavin Sheets,2022,CHW,99.0
Jonathan India,2022,CIN,95.0
Luis Garcia Jr.,2022,WSN,95.0
Brian Anderson,2022,MIA,85.0
Austin Nola,2022,SDP,89.0
Matt Vierling,2022,PHI,82.0
Rougned Odor,2022,BAL,80.0
Aristides Aquino,2022,CIN,63.0
Mauricio Dubon,2022,- - -,59.0
Yadier Molina,2022,STL,49.0
Nolan Gorman,2022,STL,105.0
Ben Gamel,2022,PIT,95.0
LaMonte Wade Jr.,2022,SFG,93.0
Andrew Velazquez,2022,LAA,49.0
Juan Yepez,2022,STL,107.0
Brandon Belt,2022,SFG,97.0
Victor Reyes,2022,DET,84.0
Joey Gallo,2022,- - -,84.0
Jeimer Candelario,2022,DET,80.0
Robbie Grossman,2022,- - -,82.0
Andrew Knizner,2022,STL,77.0
Austin Hedges,2022,CLE,43.0
Pavin Smith,2022,ARI,87.0
Alfonso Rivas,2022,CHC,85.0
Adam Engel,2022,CHW,63.0
Max Stassi,2022,LAA,63.0
Josh Smith,2022,TEX,68.0
Nick Castellanos,2022,PHI,95.0
Bobby Dalbec,2022,BOS,80.0
Jo Adell,2022,LAA,77.0
Diego Castillo,2022,PIT,71.0
Jacob Stallings,2022,MIA,66.0
Jackie Bradley Jr.,2022,- - -,56.0
Franchy Cordero,2022,BOS,92.0
Marcell Ozuna,2022,ATL,90.0
Harold Castro,2022,DET,93.0
CJ Abrams,2022,- - -,72.0
Vimael Machin,2022,OAK,76.0
Frank Schwindel,2022,CHC,80.0
Nelson Cruz,2022,WSN,87.0
Chad Pinder,2022,OAK,85.0
Mike Moustakas,2022,CIN,76.0
Maikel Franco,2022,WSN,66.0
Yasmani Grandal,2022,CHW,68.0
Taylor Walls,2022,TBR,65.0
Andrew Vaughn,2022,CHW,113.0
MJ Melendez,2022,KCR,97.0
Abraham Toro,2022,SEA,63.0
Jesus Aguilar,2022,- - -,82.0
Michael Chavis,2022,PIT,78.0
Yuli Gurriel,2022,HOU,85.0
Darin Ruf,2022,- - -,89.0
Nick Senzel,2022,CIN,67.0
Sheldon Neuse,2022,OAK,65.0
Joey Votto,2022,CIN,92.0
Jared Walsh,2022,LAA,77.0
Spencer Torkelson,2022,DET,76.0
Franmil Reyes,2022,- - -,81.0
Hunter Dozier,2022,KCR,88.0
Avisail Garcia,2022,MIA,61.0
Cristian Pache,2022,OAK,33.0
Leury Garcia,2022,CHW,38.0
Elias Diaz,2022,COL,68.0
Miguel Cabrera,2022,DET,78.0
Kole Calhoun,2022,TEX,66.0
Eddie Rosario,2022,ATL,63.0
Ronald Acuna Jr.,2023,ATL,172.0
Freddie Freeman,2023,LAD,161.0
Mookie Betts,2023,LAD,165.0
Shohei Ohtani,2023,LAA,181.0
Matt Olson,2023,ATL,162.0
Corey Seager,2023,TEX,172.0
Marcus Semien,2023,TEX,128.0
Juan Soto,2023,SDP,153.0
William Contreras,2023,MIL,126.0
Bobby Witt Jr.,2023,KCR,115.0
Julio Rodriguez,2023,SEA,128.0
Adley Rutschman,2023,BAL,125.0
Francisco Lindor,2023,NYM,120.0
Corbin Carroll,2023,ARI,132.0
Austin Riley,2023,ATL,128.0
Yandy Diaz,2023,TBR,163.0
Sean Murphy,2023,ATL,130.0
Kyle Tucker,2023,HOU,139.0
Luis Robert Jr.,2023,CHW,129.0
J.P. Crawford,2023,SEA,136.0
Dansby Swanson,2023,CHC,105.0
Wander Franco,2023,TBR,127.0
Aaron Judge,2023,NYY,173.0
Adolis Garcia,2023,TEX,128.0
Jose Ramirez,2023,CLE,122.0
Gunnar Henderson,2023,BAL,121.0
Xander Bogaerts,2023,SDP,119.0
Nico Hoerner,2023,CHC,103.0
Cody Bellinger,2023,CHC,136.0
Alex Bregman,2023,HOU,125.0
Cal Raleigh,2023,SEA,114.0
Yordan Alvarez,2023,HOU,169.0
Ketel Marte,2023,ARI,126.0
Isaac Paredes,2023,TBR,136.0
Brandon Nimmo,2023,NYM,129.0
Ha-seong Kim,2023,SDP,110.0
Jose Altuve,2023,HOU,154.0
Ozzie Albies,2023,ATL,125.0
TJ Friedl,2023,CIN,117.0
Trea Turner,2023,PHI,107.0
Bryson Stott,2023,PHI,100.0
Fernando Tatis Jr.,2023,SDP,111.0
Jonah Heim,2023,TEX,107.0
Christian Walker,2023,ARI,119.0
Bo Bichette,2023,TOR,124.0
Michael Harris II,2023,ATL,116.0
James Outman,2023,LAD,116.0
Nolan Jones,2023,COL,137.0
Christian Yelich,2023,MIL,123.0
Will Smith,2023,LAD,117.0
Andres Gimenez,2023,CLE,96.0
Gleyber Torres,2023,NYY,121.0
Rafael Devers,2023,BOS,126.0
Brandon Marsh,2023,PHI,124.0
Thairo Estrada,2023,SFG,100.0
Eugenio Suarez,2023,SEA,105.0
Bryce Harper,2023,PHI,141.0
Josh Lowe,2023,TBR,130.0
Paul Goldschmidt,2023,STL,122.0
Manny Machado,2023,SDP,113.0
Willy Adames,2023,MIL,95.0
Luis Arraez,2023,MIA,131.0
Chas McCormick,2023,HOU,132.0
Ian Happ,2023,CHC,119.0
Marcell Ozuna,2023,ATL,140.0
Matt McLain,2023,CIN,129.0
Jeimer Candelario,2023,- - -,118.0
Ke'Bryan Hayes,2023,PIT,101.0
Seiya Suzuki,2023,CHC,128.0
Randy Arozarena,2023,TBR,125.0
Lars Nootbaar,2023,STL,118.0
Mike Trout,2023,LAA,135.0
Francisco Alvarez,2023,NYM,96.0
Steven Kwan,2023,CLE,99.0
Lane Thomas,2023,WSN,109.0
Brandon Lowe,2023,TBR,116.0
Matt Chapman,2023,TOR,109.0
Willson Contreras,2023,STL,127.0
Pete Alonso,2023,NYM,121.0
Brandon Drury,2023,LAA,115.0
Josh Jung,2023,TEX,114.0
Nathaniel Lowe,2023,TEX,118.0
Josh Naylor,2023,CLE,127.0
Zack Gelof,2023,OAK,132.0
Edouard Julien,2023,MIN,134.0
Max Kepler,2023,MIN,122.0
Jack Suwinski,2023,PIT,112.0
Nolan Arenado,2023,STL,106.0
Kevin Kiermaier,2023,TOR,103.0
Jeremy Pena,2023,HOU,96.0
Patrick Bailey,2023,SFG,77.0
Austin Hays,2023,BAL,110.0
Jose Siri,2023,TBR,106.0
Jake Rogers,2023,DET,97.0
Jarren Duran,2023,BOS,122.0
Max Muncy,2023,LAD,116.0
Anthony Santander,2023,BAL,118.0
Willi Castro,2023,MIN,108.0
Leody Taveras,2023,TEX,101.0
Yainer Diaz,2023,HOU,126.0
Luke Raley,2023,TBR,129.0
Orlando Arcia,2023,ATL,100.0
Jeff McNeil,2023,NYM,99.0
Tommy Edman,2023,STL,92.0
J.D. Martinez,2023,LAD,133.0
Wilmer Flores,2023,SFG,135.0
Ryan Jeffers,2023,MIN,136.0
Jake Burger,2023,- - -,120.0
Riley Greene,2023,DET,120.0
Gabriel Moreno,2023,ARI,102.0
Geraldo Perdomo,2023,ARI,98.0
Alejandro Kirk,2023,TOR,95.0
Mitch Garver,2023,TEX,142.0
Jason Heyward,2023,LAD,119.0
Nolan Gorman,2023,STL,118.0
Jon Berti,2023,MIA,102.0
J.D. Davis,2023,SFG,104.0
CJ Abrams,2023,WSN,90.0
Brandon Belt,2023,TOR,137.0
Brent Rooker,2023,OAK,126.0
Bryan Reynolds,2023,PIT,110.0
Ryan Noda,2023,OAK,122.0
Maikel Garcia,2023,KCR,85.0
Spencer Steer,2023,CIN,118.0
Lourdes Gurriel Jr.,2023,ARI,105.0
J.T. Realmuto,2023,PHI,101.0
Will Benson,2023,CIN,128.0
Kerry Carpenter,2023,DET,122.0
LaMonte Wade Jr.,2023,SFG,121.0
Danny Jansen,2023,TOR,115.0
Tommy Pham,2023,- - -,109.0
Jazz Chisholm Jr.,2023,MIA,102.0
Teoscar Hernandez,2023,SEA,107.0
George Springer,2023,TOR,103.0
Michael A. Taylor,2023,MIN,94.0
Elly De La Cruz,2023,CIN,85.0
Daulton Varsho,2023,TOR,84.0
Anthony Volpe,2023,NYY,83.0
Jose Caballero,2023,SEA,99.0
Triston Casas,2023,BOS,131.0
Jorge Soler,2023,MIA,125.0
Mickey Moniak,2023,LAA,115.0
Mark Canha,2023,- - -,111.0
Ryan McMahon,2023,COL,90.0
Cedric Mullins,2023,BAL,97.0
Mauricio Dubon,2023,HOU,97.0
Luis Rengifo,2023,LAA,115.0
Mike Yastrzemski,2023,SFG,111.0
Mike Tauchman,2023,CHC,109.0
Matt Vierling,2023,DET,99.0
Carlos Correa,2023,MIN,95.0
Ezequiel Tovar,2023,COL,72.0
Trent Grisham,2023,SDP,89.0
Matt Wallner,2023,MIN,142.0
Adam Duvall,2023,BOS,117.0
Christopher Morel,2023,CHC,120.0
Gary Sanchez,2023,- - -,110.0
Ryan Mountcastle,2023,BAL,113.0
Jonathan India,2023,CIN,100.0
Andy Ibanez,2023,DET,103.0
Ryan O'Hearn,2023,BAL,117.0
Brendan Donovan,2023,STL,118.0
Taylor Ward,2023,LAA,108.0
Carlos Santana,2023,- - -,101.0
Jarred Kelenic,2023,SEA,110.0
Alex Verdugo,2023,BOS,100.0
Harold Ramirez,2023,TBR,127.0
Jorge Polanco,2023,MIN,116.0
Jesus Sanchez,2023,MIA,107.0
Ezequiel Duran,2023,TEX,111.0
Connor Joe,2023,PIT,106.0
Spencer Torkelson,2023,DET,107.0
Kyle Farmer,2023,MIN,99.0
Kyle Higashioka,2023,NYY,85.0
Stone Garrett,2023,WSN,116.0
Nick Castellanos,2023,PHI,108.0
Andrew McCutchen,2023,PIT,115.0
Alec Bohm,2023,PHI,104.0
Eddie Rosario,2023,ATL,101.0
DJ LeMahieu,2023,NYY,100.0
Ty France,2023,SEA,106.0
Esteury Ruiz,2023,OAK,85.0
Justin Turner,2023,BOS,116.0
Vladimir Guerrero Jr.,2023,TOR,117.0
Chris Taylor,2023,LAD,102.0
Whit Merrifield,2023,TOR,92.0
Nick Madrigal,2023,CHC,84.0
Elvis Andrus,2023,CHW,82.0
Jake Fraley,2023,CIN,107.0
Donovan Solano,2023,MIN,115.0
Yoan Moncada,2023,CHW,99.0
Travis Jankowski,2023,TEX,99.0
Zach Neto,2023,LAA,90.0
Jake Meyers,2023,HOU,87.0
Ramon Laureano,2023,- - -,90.0
Kyle Isbel,2023,KCR,76.0
Zach McKinstry,2023,DET,81.0
Nicky Lopez,2023,- - -,77.0
Jordan Walker,2023,STL,116.0
Yan Gomes,2023,CHC,96.0
Edmundo Sosa,2023,PHI,91.0
Owen Miller,2023,MIL,82.0
Joey Wiemer,2023,MIL,77.0
Josh Rojas,2023,- - -,78.0
Kyle Schwarber,2023,PHI,118.0
Aaron Hicks,2023,- - -,108.0
Cavan Biggio,2023,TOR,102.0
Stuart Fairchild,2023,CIN,90.0
Drew Waters,2023,KCR,83.0
Harrison Bader,2023,- - -,69.0
Christian Vazquez,2023,MIN,64.0
Charlie Blackmon,2023,COL,107.0
Mike Ford,2023,SEA,125.0
Joc Pederson,2023,SFG,110.0
Joey Gallo,2023,MIN,102.0
Michael Conforto,2023,SFG,99.0
Anthony Rizzo,2023,NYY,98.0
Patrick Wisdom,2023,CHC,111.0
Masataka Yoshida,2023,BOS,111.0
Tyler O'Neill,2023,STL,97.0
Jake Cronenworth,2023,SDP,91.0
Travis d'Arnaud,2023,ATL,84.0
Akil Baddoo,2023,DET,88.0
Shea Langeliers,2023,OAK,86.0
Taylor Walls,2023,TBR,84.0
Javier Baez,2023,DET,62.0
Alex Kirilloff,2023,MIN,118.0
Randal Grichuk,2023,- - -,102.0
Eloy Jimenez,2023,CHW,106.0
Garrett Hampson,2023,MIA,100.0
Ramon Urias,2023,BAL,97.0
Andruw Monasterio,2023,MIL,89.0
Ildemaro Vargas,2023,WSN,81.0
Isiah Kiner-Falefa,2023,NYY,80.0
Alex Call,2023,WSN,73.0
Miguel Rojas,2023,LAD,67.0
Jorge Mateo,2023,BAL,65.0
Nick Fortes,2023,MIA,52.0
Edward Olivares,2023,KCR,105.0
Robbie Grossman,2023,TEX,106.0
Byron Buxton,2023,MIN,96.0
Hunter Renfroe,2023,- - -,93.0
Luis Garcia Jr.,2023,WSN,84.0
Manuel Margot,2023,TBR,92.0
Matt Thaiss,2023,LAA,85.0
Michael Massey,2023,KCR,74.0
Gabriel Arias,2023,CLE,73.0
Paul DeJong,2023,- - -,65.0
Brenton Doyle,2023,COL,45.0
Josh Bell,2023,- - -,103.0
Andrew Vaughn,2023,CHW,103.0
Garrett Cooper,2023,- - -,95.0
MJ Melendez,2023,KCR,92.0
Blake Sabol,2023,SFG,92.0
Amed Rosario,2023,- - -,87.0
Brian Anderson,2023,MIL,87.0
JJ Bleday,2023,OAK,91.0
Corey Julks,2023,HOU,79.0
Christian Bethancourt,2023,TBR,73.0
Brandon Crawford,2023,SFG,63.0
Adam Frazier,2023,BAL,91.0
Connor Wong,2023,BOS,79.0
Emmanuel Rivera,2023,ARI,82.0
Alek Thomas,2023,ARI,71.0
Jace Peterson,2023,- - -,74.0
Daniel Vogelbach,2023,NYM,108.0
Joshua Palacios,2023,PIT,82.0
Myles Straw,2023,CLE,68.0
Vinnie Pasquantino,2023,KCR,104.0
Dylan Carlson,2023,STL,84.0
Yasmani Grandal,2023,CHW,80.0
Jake McCarthy,2023,ARI,78.0
Elias Diaz,2023,COL,83.0
Kevin Newman,2023,CIN,79.0
Miguel Vargas,2023,LAD,83.0
Dominic Smith,2023,WSN,91.0
Will Brennan,2023,CLE,80.0
Santiago Espinal,2023,TOR,79.0
Zack Short,2023,DET,76.0
Ji Hwan Bae,2023,PIT,66.0
Tony Kemp,2023,OAK,76.0
Brice Turang,2023,MIL,62.0
Tim Anderson,2023,CHW,61.0
C.J. Cron,2023,- - -,84.0
Joey Meneses,2023,WSN,96.0
Salvador Perez,2023,KCR,87.0
Jake Bauers,2023,NYY,88.0
David Peralta,2023,LAD,80.0
Starling Marte,2023,NYM,75.0
Nick Allen,2023,OAK,54.0
Bryan De La Cruz,2023,MIA,91.0
Nick Senzel,2023,CIN,83.0
Seth Brown,2023,OAK,91.0
Mike Moustakas,2023,- - -,78.0
Andrew Benintendi,2023,CHW,88.0
Yuli Gurriel,2023,MIA,76.0
Luis Matos,2023,SFG,86.0
Aledmys Diaz,2023,OAK,71.0
Jacob Stallings,2023,MIA,55.0
Jose Abreu,2023,HOU,86.0
Brett Baty,2023,NYM,67.0
Casey Schmitt,2023,SFG,59.0
Keibert Ruiz,2023,WSN,93.0
Tyler Stephenson,2023,CIN,85.0
Giancarlo Stanton,2023,NYY,87.0
Alec Burleson,2023,STL,88.0
Miguel Cabrera,2023,DET,88.0
Rowdy Tellez,2023,MIL,80.0
Nick Pratto,2023,KCR,80.0
Jordan Diaz,2023,OAK,77.0
Rodolfo Castro,2023,- - -,69.0
Kolten Wong,2023,- - -,50.0
Henry Davis,2023,PIT,76.0
Trey Mancini,2023,CHC,75.0
Oswaldo Cabrera,2023,NYY,59.0
Joey Wendle,2023,MIA,46.0
Elehuris Montero,2023,COL,78.0
Eduardo Escobar,2023,- - -,66.0
Martin Maldonado,2023,HOU,66.0
Oscar Colas,2023,CHW,53.0
Nick Maton,2023,DET,67.0
Eric Haase,2023,- - -,42.0
Kris Bryant,2023,COL,75.0
Enrique Hernandez,2023,- - -,73.0
Jean Segura,2023,MIA,51.0
Gavin Sheets,2023,CHW,61.0
Harold Castro,2023,COL,45.0
Jurickson Profar,2023,- - -,78.0
Aaron Judge,2024,NYY,220.0
Bobby Witt Jr.,2024,KCR,169.0
Shohei Ohtani,2024,LAD,179.0
Juan Soto,2024,NYY,181.0
Gunnar Henderson,2024,BAL,153.0
Francisco Lindor,2024,NYM,137.0
Jarren Duran,2024,BOS,131.0
Elly De La Cruz,2024,CIN,119.0
Jose Ramirez,2024,CLE,141.0
Ketel Marte,2024,ARI,151.0
William Contreras,2024,MIL,132.0
Matt Chapman,2024,SFG,121.0
Cal Raleigh,2024,SEA,118.0
Vladimir Guerrero Jr.,2024,TOR,164.0
Jackson Merrill,2024,SDP,129.0
Yordan Alvarez,2024,HOU,167.0
Brent Rooker,2024,OAK,164.0
Bryce Harper,2024,PHI,143.0
Willy Adames,2024,MIL,121.0
Marcell Ozuna,2024,ATL,155.0
Corey Seager,2024,TEX,142.0
Patrick Bailey,2024,SFG,82.0
Mookie Betts,2024,LAD,139.0
Jurickson Profar,2024,SDP,139.0
Corbin Carroll,2024,ARI,107.0
Marcus Semien,2024,TEX,100.0
Kyle Tucker,2024,HOU,179.0
Carlos Correa,2024,MIN,155.0
Rafael Devers,2024,BOS,136.0
Steven Kwan,2024,CLE,131.0
Dansby Swanson,2024,CHC,98.0
Alex Bregman,2024,HOU,117.0
Riley Greene,2024,DET,134.0
Jackson Chourio,2024,MIL,119.0
Jazz Chisholm Jr.,2024,- - -,110.0
Freddie Freeman,2024,LAD,136.0
Julio Rodriguez,2024,SEA,116.0
Nico Hoerner,2024,CHC,102.0
Trea Turner,2024,PHI,122.0
Jose Altuve,2024,HOU,127.0
Eugenio Suarez,2024,ARI,115.0
Colton Cowser,2024,BAL,118.0
Byron Buxton,2024,MIN,141.0
Ezequiel Tovar,2024,COL,95.0
Ian Happ,2024,CHC,121.0
Oneil Cruz,2024,PIT,110.0
Brenton Doyle,2024,COL,97.0
Zach Neto,2024,LAA,115.0
Masyn Winn,2024,STL,104.0
Seiya Suzuki,2024,CHC,137.0
Manny Machado,2024,SDP,122.0
Austin Wells,2024,NYY,106.0
Anthony Volpe,2024,NYY,87.0
Teoscar Hernandez,2024,LAD,132.0
Alec Bohm,2024,PHI,113.0
Isaac Paredes,2024,- - -,116.0
Kyle Schwarber,2024,PHI,134.0
Fernando Tatis Jr.,2024,SDP,134.0
Salvador Perez,2024,KCR,116.0
Anthony Santander,2024,BAL,128.0
Lawrence Butler,2024,OAK,130.0
JJ Bleday,2024,OAK,120.0
Joey Ortiz,2024,MIL,105.0
Nolan Arenado,2024,STL,102.0
Victor Robles,2024,- - -,141.0
Tyler Stephenson,2024,CIN,113.0
Wilyer Abreu,2024,BOS,116.0
Brendan Donovan,2024,STL,115.0
Wyatt Langford,2024,TEX,111.0
Daulton Varsho,2024,TOR,99.0
Christian Yelich,2024,MIL,154.0
Joc Pederson,2024,ARI,151.0
Tyler Fitzgerald,2024,SFG,133.0
Christian Walker,2024,ARI,119.0
Yainer Diaz,2024,HOU,116.0
Luis Garcia Jr.,2024,WSN,110.0
Jake McCarthy,2024,ARI,110.0
Carlos Santana,2024,MIN,113.0
Willi Castro,2024,MIN,107.0
Mark Vientos,2024,NYM,132.0
Nathaniel Lowe,2024,TEX,122.0
Jonathan India,2024,CIN,109.0
Taylor Ward,2024,LAA,112.0
Josh Smith,2024,TEX,112.0
Miguel Rojas,2024,LAD,110.0
Brandon Nimmo,2024,NYM,109.0
Alejandro Kirk,2024,TOR,93.0
Andres Gimenez,2024,CLE,83.0
Jordan Westburg,2024,BAL,124.0
Adley Rutschman,2024,BAL,102.0
Jeremy Pena,2024,HOU,99.0
Jacob Young,2024,WSN,84.0
Willson Contreras,2024,STL,140.0
Matt Olson,2024,ATL,117.0
Will Smith,2024,LAD,109.0
Ha-seong Kim,2024,SDP,100.0
Pete Crow-Armstrong,2024,CHC,86.0
Brice Turang,2024,MIL,89.0
Tyler O'Neill,2024,BOS,133.0
Jose Iglesias,2024,NYM,136.0
Gabriel Moreno,2024,ARI,107.0
Otto Lopez,2024,MIA,91.0
Kerry Carpenter,2024,DET,159.0
Heliot Ramos,2024,SFG,120.0
Austin Riley,2024,ATL,116.0
Matt Vierling,2024,DET,107.0
Dylan Moore,2024,SEA,106.0
Max Muncy,2024,LAD,133.0
Luke Raley,2024,SEA,129.0
Josh Naylor,2024,CLE,118.0
Brandon Marsh,2024,PHI,107.0
Xavier Edwards,2024,MIA,129.0
Bryan Reynolds,2024,PIT,118.0
Brandon Lowe,2024,TBR,123.0
Michael Busch,2024,CHC,118.0
Parker Meadows,2024,DET,110.0
Logan O'Hoppe,2024,LAA,102.0
Cedric Mullins,2024,BAL,103.0
Jake Rogers,2024,DET,70.0
Matt Wallner,2024,MIN,155.0
Ivan Herrera,2024,STL,127.0
Pete Alonso,2024,NYM,122.0
Lourdes Gurriel Jr.,2024,ARI,108.0
Cody Bellinger,2024,CHC,108.0
Jake Cronenworth,2024,SDP,105.0
Ernie Clement,2024,TOR,94.0
Isiah Kiner-Falefa,2024,- - -,93.0
Shea Langeliers,2024,OAK,109.0
Michael Harris II,2024,ATL,99.0
Randy Arozarena,2024,- - -,114.0
Geraldo Perdomo,2024,ARI,102.0
Xander Bogaerts,2024,SDP,95.0
Jake Meyers,2024,HOU,85.0
Spencer Horwitz,2024,TOR,127.0
Yandy Diaz,2024,TBR,120.0
J.T. Realmuto,2024,PHI,107.0
Victor Caratini,2024,HOU,113.0
Travis d'Arnaud,2024,ATL,104.0
Edmundo Sosa,2024,PHI,102.0
Ryan McMahon,2024,COL,89.0
Francisco Alvarez,2024,NYM,101.0
Freddy Fermin,2024,KCR,92.0
Josh Rojas,2024,SEA,91.0
Jose Caballero,2024,TBR,83.0
CJ Abrams,2024,WSN,106.0
Gleyber Torres,2024,NYY,105.0
Paul DeJong,2024,- - -,96.0
Colt Keith,2024,DET,96.0
Carson Kelly,2024,- - -,98.0
Jose Siri,2024,TBR,78.0
David Fry,2024,CLE,129.0
Lars Nootbaar,2024,STL,114.0
Mike Yastrzemski,2024,SFG,107.0
David Hamilton,2024,BOS,94.0
Bryson Stott,2024,PHI,87.0
Randal Grichuk,2024,ARI,139.0
Kyle Higashioka,2024,SDP,104.0
Ryan Jeffers,2024,MIN,106.0
Spencer Steer,2024,CIN,98.0
Sal Frelick,2024,MIL,87.0
Blake Perkins,2024,MIL,85.0
J.P. Crawford,2024,SEA,90.0
Bo Naylor,2024,CLE,74.0
Trevor Larnach,2024,MIN,120.0
Luis Rengifo,2024,LAA,119.0
Ryan O'Hearn,2024,BAL,117.0
Vinnie Pasquantino,2024,KCR,109.0
Michael Massey,2024,KCR,103.0
Jesus Sanchez,2024,MIA,101.0
Kyle Isbel,2024,KCR,82.0
Rob Refsnyder,2024,BOS,132.0
Jesse Winker,2024,- - -,118.0
LaMonte Wade Jr.,2024,SFG,120.0
Jake Burger,2024,MIA,107.0
Ryan Mountcastle,2024,BAL,107.0
Lane Thomas,2024,- - -,99.0
Gavin Lux,2024,LAD,98.0
Kevin Newman,2024,ARI,89.0
Zack Gelof,2024,OAK,82.0
Ben Rortvedt,2024,TBR,87.0
Joey Bart,2024,PIT,121.0
James Wood,2024,WSN,119.0
Michael Conforto,2024,SFG,112.0
Nick Gonzales,2024,PIT,94.0
Ozzie Albies,2024,ATL,96.0
Jeff McNeil,2024,NYM,97.0
Richie Palacios,2024,TBR,101.0
Max Schuemann,2024,OAK,85.0
Royce Lewis,2024,MIN,107.0
Justin Turner,2024,- - -,116.0
Andy Pages,2024,LAD,98.0
Harrison Bader,2024,NYM,85.0
Leody Taveras,2024,TEX,84.0
Maikel Garcia,2024,KCR,70.0
Jorge Soler,2024,- - -,120.0
Jose Miranda,2024,MIN,114.0
Connor Wong,2024,BOS,112.0
Luis Arraez,2024,- - -,109.0
Mike Tauchman,2024,CHC,110.0
Paul Goldschmidt,2024,STL,100.0
George Springer,2024,TOR,94.0
Mauricio Dubon,2024,HOU,86.0
Brayan Rocchio,2024,CLE,79.0
Johan Rojas,2024,PHI,66.0
Michael Siani,2024,STL,64.0
Jonah Bride,2024,MIA,124.0
Jake Fraley,2024,CIN,96.0
Tyrone Taylor,2024,NYM,97.0
Josh Lowe,2024,TBR,98.0
Wenceel Perez,2024,DET,94.0
Max Kepler,2024,MIN,93.0
Ceddanne Rafaela,2024,BOS,81.0
Zach McKinstry,2024,DET,74.0
Jacob Stallings,2024,COL,114.0
Masataka Yoshida,2024,BOS,116.0
Ramon Laureano,2024,- - -,108.0
Ramon Urias,2024,BAL,114.0
Mark Canha,2024,- - -,102.0
Oswaldo Cabrera,2024,NYY,89.0
Nicky Lopez,2024,CHW,77.0
Giancarlo Stanton,2024,NYY,117.0
Donovan Solano,2024,SDP,117.0
Brendan Rodgers,2024,COL,87.0
Jason Heyward,2024,- - -,93.0
Sean Murphy,2024,ATL,78.0
Orlando Arcia,2024,ATL,73.0
Jonny DeLuca,2024,TBR,77.0
Christian Vazquez,2024,MIN,60.0
Nolan Schanuel,2024,LAA,105.0
Kevin Pillar,2024,- - -,89.0
Gio Urshela,2024,- - -,81.0
Abraham Toro,2024,OAK,87.0
Alec Burleson,2024,STL,106.0
J.D. Martinez,2024,NYM,107.0
Starling Marte,2024,NYM,104.0
Danny Jansen,2024,- - -,90.0
Luis Robert Jr.,2024,CHW,84.0
Enrique Hernandez,2024,LAD,82.0
Alex Verdugo,2024,NYY,84.0
Miguel Amaya,2024,CHC,82.0
Brett Wisely,2024,SFG,76.0
Nick Fortes,2024,MIA,58.0
David Peralta,2024,SDP,114.0
Andrew McCutchen,2024,PIT,106.0
Will Brennan,2024,CLE,98.0
Elias Diaz,2024,- - -,81.0
Connor Joe,2024,PIT,93.0
Jarred Kelenic,2024,ATL,87.0
Michael Toglia,2024,COL,98.0
Gary Sanchez,2024,MIL,97.0
Miguel Andujar,2024,OAK,103.0
Tyler Freeman,2024,CLE,84.0
Whit Merrifield,2024,- - -,79.0
Davis Schneider,2024,TOR,80.0
Jared Triolo,2024,PIT,72.0
Thairo Estrada,2024,SFG,65.0
Michael A. Taylor,2024,PIT,50.0
TJ Friedl,2024,CIN,90.0
Nolan Gorman,2024,STL,87.0
Emmanuel Rivera,2024,- - -,86.0
Jorge Polanco,2024,SEA,93.0
Bo Bichette,2024,TOR,70.0
Nick Castellanos,2024,PHI,103.0
Rhys Hoskins,2024,MIL,102.0
Dominic Smith,2024,- - -,94.0
Amed Rosario,2024,- - -,96.0
Ezequiel Duran,2024,TEX,75.0
Kevin Kiermaier,2024,- - -,53.0
Austin Hays,2024,- - -,96.0
Hunter Renfroe,2024,KCR,93.0
Jo Adell,2024,LAA,91.0
Spencer Torkelson,2024,DET,91.0
Jake Bauers,2024,MIL,89.0
Mickey Moniak,2024,LAA,80.0
Lenyn Sosa,2024,CHW,80.0
Joey Loperfido,2024,- - -,73.0
Ke'Bryan Hayes,2024,PIT,60.0
Charlie Blackmon,2024,COL,94.0
Willie Calhoun,2024,LAA,97.0
Santiago Espinal,2024,CIN,76.0
Edouard Julien,2024,MIN,79.0
Ildemaro Vargas,2024,WSN,72.0
Josh Bell,2024,- - -,101.0
Jon Singleton,2024,HOU,104.0
Andrew Vaughn,2024,CHW,97.0
Andrew Benintendi,2024,CHW,93.0
Tommy Pham,2024,- - -,91.0
Jonah Heim,2024,TEX,72.0
Adolis Garcia,2024,TEX,93.0
Austin Martin,2024,MIN,93.0
Anthony Rizzo,2024,NYY,85.0
Manuel Margot,2024,MIN,78.0
Joey Gallo,2024,WSN,75.0
Chas McCormick,2024,HOU,65.0
Taylor Walls,2024,TBR,60.0
Jeimer Candelario,2024,CIN,89.0
Jake Cave,2024,COL,75.0
MJ Melendez,2024,KCR,86.0
Seth Brown,2024,OAK,91.0
Vidal Brujan,2024,MIA,73.0
Keibert Ruiz,2024,WSN,70.0
Rowdy Tellez,2024,PIT,90.0
Mitch Garver,2024,SEA,89.0
Korey Lee,2024,CHW,64.0
Luis Campusano,2024,SDP,83.0
Mitch Haniger,2024,SEA,85.0
Tyler Nevin,2024,OAK,82.0
Adam Frazier,2024,KCR,64.0
Will Benson,2024,CIN,76.0
Nick Senzel,2024,- - -,73.0
Nick Gordon,2024,MIA,70.0
Javier Baez,2024,DET,42.0
Ty France,2024,- - -,93.0
Gavin Sheets,2024,CHW,88.0
Nolan Jones,2024,COL,69.0
Eloy Jimenez,2024,- - -,78.0
Christopher Morel,2024,- - -,81.0
Joey Meneses,2024,WSN,67.0
Adam Duvall,2024,ATL,59.0
Bryan De La Cruz,2024,- - -,78.0
Jack Suwinski,2024,PIT,62.0
Dylan Carlson,2024,- - -,67.0
Eddie Rosario,2024,- - -,44.0
Brandon Drury,2024,LAA,35.0
